<?xml version="1.0" encoding="UTF-8"?>
<objects serializationModel="Studio.01.10.00">
    <object class="Event" id="{0e5287a2-1a51-4d62-ab14-68bf6d3d2dff}">
        <property name="name">
            <value>Possess_out</value>
        </property>
        <property name="outputFormat">
            <value>1</value>
        </property>
        <relationship name="folder">
            <destination>{7dfd58f0-aef8-4314-8673-6dd9d52850b8}</destination>
        </relationship>
        <relationship name="mixer">
            <destination>{8230f383-b61b-45ce-a20b-b3573f16e664}</destination>
        </relationship>
        <relationship name="masterTrack">
            <destination>{1b991c04-dbbd-4cd9-8360-feed6c7ff3ee}</destination>
        </relationship>
        <relationship name="mixerInput">
            <destination>{bfd0cf42-2488-4227-acad-ee3d76d1caf1}</destination>
        </relationship>
        <relationship name="automatableProperties">
            <destination>{53dfa013-c065-46c7-b661-4d5911d0f29d}</destination>
        </relationship>
        <relationship name="markerTracks">
            <destination>{f00e1f04-9593-4b7d-bbca-93e953715a40}</destination>
        </relationship>
        <relationship name="groupTracks">
            <destination>{ef707da9-22f1-4d0b-addc-b24a9f0e8b54}</destination>
        </relationship>
        <relationship name="timeline">
            <destination>{579ec776-4e2a-448c-9991-4fe107ca4b1e}</destination>
        </relationship>
        <relationship name="banks">
            <destination>{6bef52a7-b520-4dea-a630-032a1fa14fa9}</destination>
        </relationship>
    </object>
    <object class="EventMixer" id="{8230f383-b61b-45ce-a20b-b3573f16e664}">
        <relationship name="masterBus">
            <destination>{72902883-2c0f-46cc-8577-40b71a680e77}</destination>
        </relationship>
    </object>
    <object class="MasterTrack" id="{1b991c04-dbbd-4cd9-8360-feed6c7ff3ee}">
        <relationship name="mixerGroup">
            <destination>{72902883-2c0f-46cc-8577-40b71a680e77}</destination>
        </relationship>
    </object>
    <object class="MixerInput" id="{bfd0cf42-2488-4227-acad-ee3d76d1caf1}">
        <relationship name="effectChain">
            <destination>{64c09047-345b-4506-b8ea-0d1de9129e8e}</destination>
        </relationship>
        <relationship name="panner">
            <destination>{0d9727b9-e0b7-4038-9dd0-36488e2071c6}</destination>
        </relationship>
        <relationship name="output">
            <destination>{3ffe360f-a576-4351-9c54-f8f19b3e89af}</destination>
        </relationship>
    </object>
    <object class="EventAutomatableProperties" id="{53dfa013-c065-46c7-b661-4d5911d0f29d}"/>
    <object class="MarkerTrack" id="{f00e1f04-9593-4b7d-bbca-93e953715a40}"/>
    <object class="GroupTrack" id="{ef707da9-22f1-4d0b-addc-b24a9f0e8b54}">
        <relationship name="modules">
            <destination>{13c37f9d-0678-4494-aecf-b9b16baecc47}</destination>
        </relationship>
        <relationship name="mixerGroup">
            <destination>{1e0128f4-e172-4e1a-8d88-30a9e520c7a2}</destination>
        </relationship>
    </object>
    <object class="Timeline" id="{579ec776-4e2a-448c-9991-4fe107ca4b1e}">
        <relationship name="modules">
            <destination>{13c37f9d-0678-4494-aecf-b9b16baecc47}</destination>
        </relationship>
    </object>
    <object class="EventMixerMaster" id="{72902883-2c0f-46cc-8577-40b71a680e77}">
        <property name="volume">
            <value>3</value>
        </property>
        <relationship name="effectChain">
            <destination>{f77a8f45-9081-40fb-b50d-9047b65290c0}</destination>
        </relationship>
        <relationship name="panner">
            <destination>{b77f120a-4a3a-4651-8742-c70f90f0d4e5}</destination>
        </relationship>
        <relationship name="mixer">
            <destination>{8230f383-b61b-45ce-a20b-b3573f16e664}</destination>
        </relationship>
    </object>
    <object class="MixerBusEffectChain" id="{64c09047-345b-4506-b8ea-0d1de9129e8e}">
        <relationship name="effects">
            <destination>{f5e3ed9b-e006-4363-8fe5-59a305cab59a}</destination>
        </relationship>
    </object>
    <object class="MixerBusPanner" id="{0d9727b9-e0b7-4038-9dd0-36488e2071c6}"/>
    <object class="SingleSound" id="{13c37f9d-0678-4494-aecf-b9b16baecc47}">
        <property name="length">
            <value>0.87202083333333336</value>
        </property>
        <relationship name="modulators">
            <destination>{088af910-bb3d-4fe0-a8e9-f6f349550b07}</destination>
        </relationship>
        <relationship name="audioFile">
            <destination>{2b95d228-803f-47b3-8e64-b5d1302cc03e}</destination>
        </relationship>
    </object>
    <object class="EventMixerGroup" id="{1e0128f4-e172-4e1a-8d88-30a9e520c7a2}">
        <property name="volume">
            <value>10</value>
        </property>
        <property name="name">
            <value>Audio 1</value>
        </property>
        <relationship name="effectChain">
            <destination>{a598c4fe-6ff2-4577-a84b-0e6412b43499}</destination>
        </relationship>
        <relationship name="panner">
            <destination>{813f211e-5ef6-4c2a-85d5-b330f336bdda}</destination>
        </relationship>
        <relationship name="output">
            <destination>{72902883-2c0f-46cc-8577-40b71a680e77}</destination>
        </relationship>
    </object>
    <object class="MixerBusEffectChain" id="{f77a8f45-9081-40fb-b50d-9047b65290c0}">
        <relationship name="effects">
            <destination>{33c706c2-7254-4bde-a1a0-dbef623e8f7b}</destination>
        </relationship>
    </object>
    <object class="MixerBusPanner" id="{b77f120a-4a3a-4651-8742-c70f90f0d4e5}"/>
    <object class="MixerBusFader" id="{f5e3ed9b-e006-4363-8fe5-59a305cab59a}"/>
    <object class="RandomizerModulator" id="{088af910-bb3d-4fe0-a8e9-f6f349550b07}">
        <property name="nameOfPropertyBeingModulated">
            <value>pitch</value>
        </property>
        <property name="amount">
            <value>6</value>
        </property>
    </object>
    <object class="MixerBusEffectChain" id="{a598c4fe-6ff2-4577-a84b-0e6412b43499}">
        <relationship name="effects">
            <destination>{f628305d-3aa0-4119-9cb7-3d8fbf23b8b7}</destination>
        </relationship>
    </object>
    <object class="MixerBusPanner" id="{813f211e-5ef6-4c2a-85d5-b330f336bdda}"/>
    <object class="MixerBusFader" id="{33c706c2-7254-4bde-a1a0-dbef623e8f7b}"/>
    <object class="MixerBusFader" id="{f628305d-3aa0-4119-9cb7-3d8fbf23b8b7}"/>
</objects>
