<?xml version="1.0" encoding="UTF-8"?>
<objects serializationModel="Studio.01.10.00">
    <object class="Event" id="{236c1bde-4248-4312-839f-fcfe3ca1efe9}">
        <property name="name">
            <value>Slow_down</value>
        </property>
        <property name="outputFormat">
            <value>1</value>
        </property>
        <relationship name="folder">
            <destination>{7dfd58f0-aef8-4314-8673-6dd9d52850b8}</destination>
        </relationship>
        <relationship name="mixer">
            <destination>{6992398e-f61f-421e-a506-45c56a3c918e}</destination>
        </relationship>
        <relationship name="masterTrack">
            <destination>{4fd35c0d-ffc6-4e1b-8ea3-41aa9ef065b1}</destination>
        </relationship>
        <relationship name="mixerInput">
            <destination>{16faf75d-550a-4d3d-a7e5-2b51048d3b0d}</destination>
        </relationship>
        <relationship name="automatableProperties">
            <destination>{bd0f641e-e0ea-461f-8c50-fd58ef198a1b}</destination>
        </relationship>
        <relationship name="markerTracks">
            <destination>{1cfe3d0e-923e-4739-bb21-60300811ac6f}</destination>
        </relationship>
        <relationship name="groupTracks">
            <destination>{9817d9dd-6b03-42ba-ba4e-6439b86007fd}</destination>
        </relationship>
        <relationship name="timeline">
            <destination>{cf19b743-a5b1-4b48-b99c-b4be4d0e4e71}</destination>
        </relationship>
        <relationship name="banks">
            <destination>{6bef52a7-b520-4dea-a630-032a1fa14fa9}</destination>
        </relationship>
    </object>
    <object class="EventMixer" id="{6992398e-f61f-421e-a506-45c56a3c918e}">
        <relationship name="masterBus">
            <destination>{21ddd03d-b54b-48c6-898c-f0f4a63fe29c}</destination>
        </relationship>
    </object>
    <object class="MasterTrack" id="{4fd35c0d-ffc6-4e1b-8ea3-41aa9ef065b1}">
        <relationship name="mixerGroup">
            <destination>{21ddd03d-b54b-48c6-898c-f0f4a63fe29c}</destination>
        </relationship>
    </object>
    <object class="MixerInput" id="{16faf75d-550a-4d3d-a7e5-2b51048d3b0d}">
        <relationship name="effectChain">
            <destination>{2133bc0d-7c4a-4d34-baf7-d6bde4e66567}</destination>
        </relationship>
        <relationship name="panner">
            <destination>{d5f33add-b374-4462-91ea-ad272bd6e278}</destination>
        </relationship>
        <relationship name="output">
            <destination>{3ffe360f-a576-4351-9c54-f8f19b3e89af}</destination>
        </relationship>
    </object>
    <object class="EventAutomatableProperties" id="{bd0f641e-e0ea-461f-8c50-fd58ef198a1b}"/>
    <object class="MarkerTrack" id="{1cfe3d0e-923e-4739-bb21-60300811ac6f}"/>
    <object class="GroupTrack" id="{9817d9dd-6b03-42ba-ba4e-6439b86007fd}">
        <relationship name="modules">
            <destination>{9aa96420-d2e1-4822-bc07-e05704a7a487}</destination>
        </relationship>
        <relationship name="mixerGroup">
            <destination>{7f7ef207-eded-48d5-b551-f375596acd65}</destination>
        </relationship>
    </object>
    <object class="Timeline" id="{cf19b743-a5b1-4b48-b99c-b4be4d0e4e71}">
        <relationship name="modules">
            <destination>{9aa96420-d2e1-4822-bc07-e05704a7a487}</destination>
        </relationship>
    </object>
    <object class="EventMixerMaster" id="{21ddd03d-b54b-48c6-898c-f0f4a63fe29c}">
        <relationship name="effectChain">
            <destination>{e62008c6-2f52-4e68-82da-740ae52351b3}</destination>
        </relationship>
        <relationship name="panner">
            <destination>{b123a12a-575e-40da-b9b6-258d13aab61e}</destination>
        </relationship>
        <relationship name="mixer">
            <destination>{6992398e-f61f-421e-a506-45c56a3c918e}</destination>
        </relationship>
    </object>
    <object class="MixerBusEffectChain" id="{2133bc0d-7c4a-4d34-baf7-d6bde4e66567}">
        <relationship name="effects">
            <destination>{1fc2cbc9-4dcf-4a08-8ce5-bddd6c2ff729}</destination>
        </relationship>
    </object>
    <object class="MixerBusPanner" id="{d5f33add-b374-4462-91ea-ad272bd6e278}"/>
    <object class="SingleSound" id="{9aa96420-d2e1-4822-bc07-e05704a7a487}">
        <property name="length">
            <value>1.9990416666666666</value>
        </property>
        <property name="volume">
            <value>9.5</value>
        </property>
        <property name="pitch">
            <value>-1.60000002</value>
        </property>
        <relationship name="modulators">
            <destination>{0a318d9e-a8f7-44ca-bb10-4aa8df6c6721}</destination>
        </relationship>
        <relationship name="audioFile">
            <destination>{c1154549-7e8a-4863-b565-f55e45127c11}</destination>
        </relationship>
    </object>
    <object class="EventMixerGroup" id="{7f7ef207-eded-48d5-b551-f375596acd65}">
        <property name="name">
            <value>Audio 1</value>
        </property>
        <relationship name="effectChain">
            <destination>{9230c09a-84e0-44f3-b6f7-ec9faad8122c}</destination>
        </relationship>
        <relationship name="panner">
            <destination>{15d5a05f-c2dd-4e2e-bb98-1d3f7c7307d3}</destination>
        </relationship>
        <relationship name="output">
            <destination>{21ddd03d-b54b-48c6-898c-f0f4a63fe29c}</destination>
        </relationship>
    </object>
    <object class="MixerBusEffectChain" id="{e62008c6-2f52-4e68-82da-740ae52351b3}">
        <relationship name="effects">
            <destination>{6971d16a-9f60-4864-97c1-f67124d33f3d}</destination>
        </relationship>
    </object>
    <object class="MixerBusPanner" id="{b123a12a-575e-40da-b9b6-258d13aab61e}"/>
    <object class="MixerBusFader" id="{1fc2cbc9-4dcf-4a08-8ce5-bddd6c2ff729}"/>
    <object class="RandomizerModulator" id="{0a318d9e-a8f7-44ca-bb10-4aa8df6c6721}">
        <property name="nameOfPropertyBeingModulated">
            <value>pitch</value>
        </property>
        <property name="amount">
            <value>11.5</value>
        </property>
    </object>
    <object class="MixerBusEffectChain" id="{9230c09a-84e0-44f3-b6f7-ec9faad8122c}">
        <relationship name="effects">
            <destination>{90293620-bf27-4e84-970d-df00c1de20bc}</destination>
        </relationship>
    </object>
    <object class="MixerBusPanner" id="{15d5a05f-c2dd-4e2e-bb98-1d3f7c7307d3}"/>
    <object class="MixerBusFader" id="{6971d16a-9f60-4864-97c1-f67124d33f3d}"/>
    <object class="MixerBusFader" id="{90293620-bf27-4e84-970d-df00c1de20bc}"/>
</objects>
