<?xml version="1.0" encoding="UTF-8"?>
<objects serializationModel="Studio.01.10.00">
    <object class="Event" id="{2bf562f4-e392-4cc6-ae4f-578e676f097d}">
        <property name="name">
            <value>Door_Exit</value>
        </property>
        <property name="outputFormat">
            <value>1</value>
        </property>
        <relationship name="folder">
            <destination>{7dfd58f0-aef8-4314-8673-6dd9d52850b8}</destination>
        </relationship>
        <relationship name="mixer">
            <destination>{afd5d18f-5e27-4509-8645-d6ffa3133ee7}</destination>
        </relationship>
        <relationship name="masterTrack">
            <destination>{d4a62904-276e-49f9-bb38-be341ec5157b}</destination>
        </relationship>
        <relationship name="mixerInput">
            <destination>{37ff2cbc-0691-46c9-b084-f08741adeec3}</destination>
        </relationship>
        <relationship name="automatableProperties">
            <destination>{6d4aca76-51cd-4b68-be4c-9f8a875ab350}</destination>
        </relationship>
        <relationship name="markerTracks">
            <destination>{4ea6026a-5aa5-4fe9-867c-6c929f2592c4}</destination>
        </relationship>
        <relationship name="groupTracks">
            <destination>{2ef911e9-29eb-41f5-9ca8-3fd0c48a101d}</destination>
        </relationship>
        <relationship name="timeline">
            <destination>{9ba21f3a-1fd5-43a5-96d7-625ba0a3b4bc}</destination>
        </relationship>
        <relationship name="banks">
            <destination>{6bef52a7-b520-4dea-a630-032a1fa14fa9}</destination>
        </relationship>
    </object>
    <object class="EventMixer" id="{afd5d18f-5e27-4509-8645-d6ffa3133ee7}">
        <relationship name="masterBus">
            <destination>{081ffafc-99c0-4d73-9436-643c0954a0c2}</destination>
        </relationship>
    </object>
    <object class="MasterTrack" id="{d4a62904-276e-49f9-bb38-be341ec5157b}">
        <relationship name="mixerGroup">
            <destination>{081ffafc-99c0-4d73-9436-643c0954a0c2}</destination>
        </relationship>
    </object>
    <object class="MixerInput" id="{37ff2cbc-0691-46c9-b084-f08741adeec3}">
        <relationship name="effectChain">
            <destination>{0475fc7e-7f53-4e86-9a98-7060785f9eff}</destination>
        </relationship>
        <relationship name="panner">
            <destination>{27bf9c27-7d0c-41fe-a71a-0bbdd5b66cb6}</destination>
        </relationship>
        <relationship name="output">
            <destination>{3ffe360f-a576-4351-9c54-f8f19b3e89af}</destination>
        </relationship>
    </object>
    <object class="EventAutomatableProperties" id="{6d4aca76-51cd-4b68-be4c-9f8a875ab350}"/>
    <object class="MarkerTrack" id="{4ea6026a-5aa5-4fe9-867c-6c929f2592c4}"/>
    <object class="GroupTrack" id="{2ef911e9-29eb-41f5-9ca8-3fd0c48a101d}">
        <relationship name="modules">
            <destination>{a2b0e602-34f3-4735-bb1a-0b516e6d40a9}</destination>
        </relationship>
        <relationship name="mixerGroup">
            <destination>{54bba729-24bf-4a19-b60e-9e41db1c6146}</destination>
        </relationship>
    </object>
    <object class="Timeline" id="{9ba21f3a-1fd5-43a5-96d7-625ba0a3b4bc}">
        <relationship name="modules">
            <destination>{a2b0e602-34f3-4735-bb1a-0b516e6d40a9}</destination>
        </relationship>
    </object>
    <object class="EventMixerMaster" id="{081ffafc-99c0-4d73-9436-643c0954a0c2}">
        <property name="volume">
            <value>-5</value>
        </property>
        <relationship name="effectChain">
            <destination>{4d4fbd40-6497-4ec0-9c00-e1f9bfda3560}</destination>
        </relationship>
        <relationship name="panner">
            <destination>{82917fe6-2860-4352-a028-5bbfcb9abca2}</destination>
        </relationship>
        <relationship name="mixer">
            <destination>{afd5d18f-5e27-4509-8645-d6ffa3133ee7}</destination>
        </relationship>
    </object>
    <object class="MixerBusEffectChain" id="{0475fc7e-7f53-4e86-9a98-7060785f9eff}">
        <relationship name="effects">
            <destination>{db9fed68-b2f5-4bc7-b374-276286594870}</destination>
        </relationship>
    </object>
    <object class="MixerBusPanner" id="{27bf9c27-7d0c-41fe-a71a-0bbdd5b66cb6}"/>
    <object class="SingleSound" id="{a2b0e602-34f3-4735-bb1a-0b516e6d40a9}">
        <property name="length">
            <value>2.2742916666666666</value>
        </property>
        <relationship name="audioFile">
            <destination>{182bd0ef-69a0-4937-bba6-c8f4073dbe2b}</destination>
        </relationship>
    </object>
    <object class="EventMixerGroup" id="{54bba729-24bf-4a19-b60e-9e41db1c6146}">
        <property name="name">
            <value>Audio 1</value>
        </property>
        <relationship name="effectChain">
            <destination>{e1745d85-ab72-4390-afc4-416e22bbf4f2}</destination>
        </relationship>
        <relationship name="panner">
            <destination>{8524d9d0-1909-4ba2-a5f2-09d90ed5e22d}</destination>
        </relationship>
        <relationship name="output">
            <destination>{081ffafc-99c0-4d73-9436-643c0954a0c2}</destination>
        </relationship>
    </object>
    <object class="MixerBusEffectChain" id="{4d4fbd40-6497-4ec0-9c00-e1f9bfda3560}">
        <relationship name="effects">
            <destination>{f3d48e5b-d77c-4b46-9202-e70213069287}</destination>
        </relationship>
    </object>
    <object class="MixerBusPanner" id="{82917fe6-2860-4352-a028-5bbfcb9abca2}"/>
    <object class="MixerBusFader" id="{db9fed68-b2f5-4bc7-b374-276286594870}"/>
    <object class="MixerBusEffectChain" id="{e1745d85-ab72-4390-afc4-416e22bbf4f2}">
        <relationship name="effects">
            <destination>{c04700f4-9787-4eb9-8c64-b06497e3c469}</destination>
        </relationship>
    </object>
    <object class="MixerBusPanner" id="{8524d9d0-1909-4ba2-a5f2-09d90ed5e22d}"/>
    <object class="MixerBusFader" id="{f3d48e5b-d77c-4b46-9202-e70213069287}"/>
    <object class="MixerBusFader" id="{c04700f4-9787-4eb9-8c64-b06497e3c469}"/>
</objects>
