<?xml version="1.0" encoding="UTF-8"?>
<objects serializationModel="Studio.01.10.00">
    <object class="Event" id="{2cac1d44-3e3a-445d-b957-8d6896fc33c0}">
        <property name="name">
            <value>Level_transition</value>
        </property>
        <property name="outputFormat">
            <value>1</value>
        </property>
        <relationship name="folder">
            <destination>{7dfd58f0-aef8-4314-8673-6dd9d52850b8}</destination>
        </relationship>
        <relationship name="mixer">
            <destination>{534c382b-d29f-479f-8a21-62801569aede}</destination>
        </relationship>
        <relationship name="masterTrack">
            <destination>{2a67b1fc-3501-419c-816a-9486110e2eaa}</destination>
        </relationship>
        <relationship name="mixerInput">
            <destination>{05acd3aa-d45c-4d2a-a0e4-8d761a0c80ab}</destination>
        </relationship>
        <relationship name="automatableProperties">
            <destination>{b73b071d-f6ae-4946-839d-424100d1d559}</destination>
        </relationship>
        <relationship name="markerTracks">
            <destination>{a19b5a8d-79c7-455a-9eb9-6440f1776518}</destination>
        </relationship>
        <relationship name="groupTracks">
            <destination>{8542871f-0b36-4937-ad03-e45477e2b6ae}</destination>
        </relationship>
        <relationship name="timeline">
            <destination>{17581c14-8f2c-413d-a3d0-59de567a7a18}</destination>
        </relationship>
        <relationship name="banks">
            <destination>{6bef52a7-b520-4dea-a630-032a1fa14fa9}</destination>
        </relationship>
    </object>
    <object class="EventMixer" id="{534c382b-d29f-479f-8a21-62801569aede}">
        <relationship name="masterBus">
            <destination>{b032e4e2-c253-418e-94e1-81d812816b0c}</destination>
        </relationship>
    </object>
    <object class="MasterTrack" id="{2a67b1fc-3501-419c-816a-9486110e2eaa}">
        <relationship name="mixerGroup">
            <destination>{b032e4e2-c253-418e-94e1-81d812816b0c}</destination>
        </relationship>
    </object>
    <object class="MixerInput" id="{05acd3aa-d45c-4d2a-a0e4-8d761a0c80ab}">
        <relationship name="effectChain">
            <destination>{5de6c5da-43dc-48ef-b316-a8e371ba2076}</destination>
        </relationship>
        <relationship name="panner">
            <destination>{7572f2c9-e3e6-4f73-8a04-ba6b85b906d0}</destination>
        </relationship>
        <relationship name="output">
            <destination>{3ffe360f-a576-4351-9c54-f8f19b3e89af}</destination>
        </relationship>
    </object>
    <object class="EventAutomatableProperties" id="{b73b071d-f6ae-4946-839d-424100d1d559}"/>
    <object class="MarkerTrack" id="{a19b5a8d-79c7-455a-9eb9-6440f1776518}"/>
    <object class="GroupTrack" id="{8542871f-0b36-4937-ad03-e45477e2b6ae}">
        <relationship name="modules">
            <destination>{26764d59-f3ef-4f9e-862e-eb5e829657fd}</destination>
        </relationship>
        <relationship name="mixerGroup">
            <destination>{c537a7dc-0c91-4977-8c5d-441a44d91617}</destination>
        </relationship>
    </object>
    <object class="Timeline" id="{17581c14-8f2c-413d-a3d0-59de567a7a18}">
        <relationship name="modules">
            <destination>{26764d59-f3ef-4f9e-862e-eb5e829657fd}</destination>
        </relationship>
    </object>
    <object class="EventMixerMaster" id="{b032e4e2-c253-418e-94e1-81d812816b0c}">
        <relationship name="effectChain">
            <destination>{fcbebb09-303b-42ac-92e7-a34604140cc2}</destination>
        </relationship>
        <relationship name="panner">
            <destination>{8f1104b7-0c97-4203-8424-f4fdbdf30d6e}</destination>
        </relationship>
        <relationship name="mixer">
            <destination>{534c382b-d29f-479f-8a21-62801569aede}</destination>
        </relationship>
    </object>
    <object class="MixerBusEffectChain" id="{5de6c5da-43dc-48ef-b316-a8e371ba2076}">
        <relationship name="effects">
            <destination>{62f23a12-0f23-437d-9228-bb20b43f0972}</destination>
        </relationship>
    </object>
    <object class="MixerBusPanner" id="{7572f2c9-e3e6-4f73-8a04-ba6b85b906d0}"/>
    <object class="SingleSound" id="{26764d59-f3ef-4f9e-862e-eb5e829657fd}">
        <property name="length">
            <value>1.7015625000000001</value>
        </property>
        <property name="volume">
            <value>10</value>
        </property>
        <relationship name="audioFile">
            <destination>{d8a7c4f5-a9ac-4142-9fc8-b587eba34006}</destination>
        </relationship>
    </object>
    <object class="EventMixerGroup" id="{c537a7dc-0c91-4977-8c5d-441a44d91617}">
        <property name="name">
            <value>Audio 1</value>
        </property>
        <relationship name="effectChain">
            <destination>{7a828f9f-d9f5-442c-ac97-007dfa44681d}</destination>
        </relationship>
        <relationship name="panner">
            <destination>{92a662ae-73c0-4631-8f64-1c288f13398f}</destination>
        </relationship>
        <relationship name="output">
            <destination>{b032e4e2-c253-418e-94e1-81d812816b0c}</destination>
        </relationship>
    </object>
    <object class="MixerBusEffectChain" id="{fcbebb09-303b-42ac-92e7-a34604140cc2}">
        <relationship name="effects">
            <destination>{35f7b70c-2d67-4df3-ab08-86b8290f06ce}</destination>
        </relationship>
    </object>
    <object class="MixerBusPanner" id="{8f1104b7-0c97-4203-8424-f4fdbdf30d6e}"/>
    <object class="MixerBusFader" id="{62f23a12-0f23-437d-9228-bb20b43f0972}"/>
    <object class="MixerBusEffectChain" id="{7a828f9f-d9f5-442c-ac97-007dfa44681d}">
        <relationship name="effects">
            <destination>{212e71f0-154b-4efb-b6ad-0bd2fa67953c}</destination>
        </relationship>
    </object>
    <object class="MixerBusPanner" id="{92a662ae-73c0-4631-8f64-1c288f13398f}"/>
    <object class="MixerBusFader" id="{35f7b70c-2d67-4df3-ab08-86b8290f06ce}"/>
    <object class="MixerBusFader" id="{212e71f0-154b-4efb-b6ad-0bd2fa67953c}"/>
</objects>
