<?xml version="1.0" encoding="UTF-8"?>
<objects serializationModel="Studio.01.10.00">
    <object class="Event" id="{2f405d6b-b51e-4cef-ac66-8f23d2f30bc2}">
        <property name="name">
            <value>Death</value>
        </property>
        <property name="outputFormat">
            <value>1</value>
        </property>
        <relationship name="folder">
            <destination>{7dfd58f0-aef8-4314-8673-6dd9d52850b8}</destination>
        </relationship>
        <relationship name="mixer">
            <destination>{5721f477-959b-49ab-8f98-b0f901a1bcb8}</destination>
        </relationship>
        <relationship name="masterTrack">
            <destination>{6edb29ab-ba32-4e9d-8fc3-5b2758794533}</destination>
        </relationship>
        <relationship name="mixerInput">
            <destination>{9181e59a-36cd-41a4-9ad8-bb59f79c53b5}</destination>
        </relationship>
        <relationship name="automatableProperties">
            <destination>{2af9c8ef-e569-4b63-8488-7140fa3699f6}</destination>
        </relationship>
        <relationship name="markerTracks">
            <destination>{c503c7e6-2d4c-4b4e-b550-f590f277ffc5}</destination>
        </relationship>
        <relationship name="groupTracks">
            <destination>{c146ec0c-c9d4-48b4-ab66-e89d50fcb765}</destination>
        </relationship>
        <relationship name="timeline">
            <destination>{498a6756-ae32-4d64-b091-7a178fe2d979}</destination>
        </relationship>
        <relationship name="banks">
            <destination>{6bef52a7-b520-4dea-a630-032a1fa14fa9}</destination>
        </relationship>
    </object>
    <object class="EventMixer" id="{5721f477-959b-49ab-8f98-b0f901a1bcb8}">
        <relationship name="masterBus">
            <destination>{43a66ed3-f5f8-41b7-93cc-49c5892081d9}</destination>
        </relationship>
    </object>
    <object class="MasterTrack" id="{6edb29ab-ba32-4e9d-8fc3-5b2758794533}">
        <relationship name="mixerGroup">
            <destination>{43a66ed3-f5f8-41b7-93cc-49c5892081d9}</destination>
        </relationship>
    </object>
    <object class="MixerInput" id="{9181e59a-36cd-41a4-9ad8-bb59f79c53b5}">
        <relationship name="effectChain">
            <destination>{c0ffec63-8a85-47c2-8b4b-96dceaebd1b8}</destination>
        </relationship>
        <relationship name="panner">
            <destination>{165fbf3a-e455-4d47-8f08-91c4cf0eb2c2}</destination>
        </relationship>
        <relationship name="output">
            <destination>{3ffe360f-a576-4351-9c54-f8f19b3e89af}</destination>
        </relationship>
    </object>
    <object class="EventAutomatableProperties" id="{2af9c8ef-e569-4b63-8488-7140fa3699f6}"/>
    <object class="MarkerTrack" id="{c503c7e6-2d4c-4b4e-b550-f590f277ffc5}"/>
    <object class="GroupTrack" id="{c146ec0c-c9d4-48b4-ab66-e89d50fcb765}">
        <relationship name="modules">
            <destination>{5a8792ff-f321-49c9-a95d-1f135a2e39f9}</destination>
        </relationship>
        <relationship name="mixerGroup">
            <destination>{77b2e5eb-70df-4cdf-8e34-0a296bf2889a}</destination>
        </relationship>
    </object>
    <object class="Timeline" id="{498a6756-ae32-4d64-b091-7a178fe2d979}">
        <relationship name="modules">
            <destination>{5a8792ff-f321-49c9-a95d-1f135a2e39f9}</destination>
        </relationship>
    </object>
    <object class="EventMixerMaster" id="{43a66ed3-f5f8-41b7-93cc-49c5892081d9}">
        <relationship name="effectChain">
            <destination>{f1af401c-9c82-433d-bf2d-9ea412f7bba3}</destination>
        </relationship>
        <relationship name="panner">
            <destination>{2e8d68e1-763b-49a6-a83b-5f812db6f55f}</destination>
        </relationship>
        <relationship name="mixer">
            <destination>{5721f477-959b-49ab-8f98-b0f901a1bcb8}</destination>
        </relationship>
    </object>
    <object class="MixerBusEffectChain" id="{c0ffec63-8a85-47c2-8b4b-96dceaebd1b8}">
        <relationship name="effects">
            <destination>{742ab2f1-9b46-4e8c-bdee-d06c3628ea4a}</destination>
        </relationship>
    </object>
    <object class="MixerBusPanner" id="{165fbf3a-e455-4d47-8f08-91c4cf0eb2c2}"/>
    <object class="SingleSound" id="{5a8792ff-f321-49c9-a95d-1f135a2e39f9}">
        <property name="length">
            <value>4.5621041666666668</value>
        </property>
        <property name="pitch">
            <value>3.20000005</value>
        </property>
        <relationship name="modulators">
            <destination>{c4b6d69c-610c-4360-a04b-fb0e29cb8688}</destination>
        </relationship>
        <relationship name="audioFile">
            <destination>{b668cf22-88b8-43f9-aca9-6e83efdda48f}</destination>
        </relationship>
    </object>
    <object class="EventMixerGroup" id="{77b2e5eb-70df-4cdf-8e34-0a296bf2889a}">
        <property name="name">
            <value>Audio 1</value>
        </property>
        <relationship name="effectChain">
            <destination>{c371c8ae-1cc4-4c93-8b55-b44071309af1}</destination>
        </relationship>
        <relationship name="panner">
            <destination>{48145bfb-c85c-44ed-902f-ec0df60b4b85}</destination>
        </relationship>
        <relationship name="output">
            <destination>{43a66ed3-f5f8-41b7-93cc-49c5892081d9}</destination>
        </relationship>
    </object>
    <object class="MixerBusEffectChain" id="{f1af401c-9c82-433d-bf2d-9ea412f7bba3}">
        <relationship name="effects">
            <destination>{5101acf6-a9e6-4e81-8449-a6601a5cc1d7}</destination>
        </relationship>
    </object>
    <object class="MixerBusPanner" id="{2e8d68e1-763b-49a6-a83b-5f812db6f55f}"/>
    <object class="MixerBusFader" id="{742ab2f1-9b46-4e8c-bdee-d06c3628ea4a}"/>
    <object class="RandomizerModulator" id="{c4b6d69c-610c-4360-a04b-fb0e29cb8688}">
        <property name="nameOfPropertyBeingModulated">
            <value>pitch</value>
        </property>
        <property name="amount">
            <value>7.5</value>
        </property>
    </object>
    <object class="MixerBusEffectChain" id="{c371c8ae-1cc4-4c93-8b55-b44071309af1}">
        <relationship name="effects">
            <destination>{8a1198fb-e1d3-4408-bdb2-f90b24addb91}</destination>
        </relationship>
    </object>
    <object class="MixerBusPanner" id="{48145bfb-c85c-44ed-902f-ec0df60b4b85}"/>
    <object class="MixerBusFader" id="{5101acf6-a9e6-4e81-8449-a6601a5cc1d7}"/>
    <object class="MixerBusFader" id="{8a1198fb-e1d3-4408-bdb2-f90b24addb91}"/>
</objects>
