<?xml version="1.0" encoding="UTF-8"?>
<objects serializationModel="Studio.01.10.00">
    <object class="Event" id="{31740a69-7bb9-4199-a2a6-43ba159ef5ac}">
        <property name="name">
            <value>Wall_jump_left</value>
        </property>
        <property name="outputFormat">
            <value>1</value>
        </property>
        <relationship name="folder">
            <destination>{7dfd58f0-aef8-4314-8673-6dd9d52850b8}</destination>
        </relationship>
        <relationship name="mixer">
            <destination>{72314b98-c5d6-42b3-ade0-a81af0ebee5f}</destination>
        </relationship>
        <relationship name="masterTrack">
            <destination>{27e80544-4be9-4a36-be75-e0824838d539}</destination>
        </relationship>
        <relationship name="mixerInput">
            <destination>{e2c3630c-b996-4a4b-a9fd-f9415e258405}</destination>
        </relationship>
        <relationship name="automatableProperties">
            <destination>{e02c07fa-8cef-4b78-a252-ccd717748487}</destination>
        </relationship>
        <relationship name="markerTracks">
            <destination>{b58c10b1-3a4c-4219-a013-1eded7b24d50}</destination>
        </relationship>
        <relationship name="groupTracks">
            <destination>{9771fceb-00ab-4025-a434-cc82ba879409}</destination>
        </relationship>
        <relationship name="timeline">
            <destination>{456f1e37-21fd-4bd0-9e36-8a57ddaf6c8d}</destination>
        </relationship>
        <relationship name="banks">
            <destination>{6bef52a7-b520-4dea-a630-032a1fa14fa9}</destination>
        </relationship>
    </object>
    <object class="EventMixer" id="{72314b98-c5d6-42b3-ade0-a81af0ebee5f}">
        <relationship name="masterBus">
            <destination>{9380297c-b803-4b1c-b5a2-43989e8407f5}</destination>
        </relationship>
    </object>
    <object class="MasterTrack" id="{27e80544-4be9-4a36-be75-e0824838d539}">
        <relationship name="mixerGroup">
            <destination>{9380297c-b803-4b1c-b5a2-43989e8407f5}</destination>
        </relationship>
    </object>
    <object class="MixerInput" id="{e2c3630c-b996-4a4b-a9fd-f9415e258405}">
        <relationship name="effectChain">
            <destination>{92d6baab-651d-4295-b30f-72ece71d8d35}</destination>
        </relationship>
        <relationship name="panner">
            <destination>{f95a20ce-654e-433c-808a-c98722c50942}</destination>
        </relationship>
        <relationship name="output">
            <destination>{3ffe360f-a576-4351-9c54-f8f19b3e89af}</destination>
        </relationship>
    </object>
    <object class="EventAutomatableProperties" id="{e02c07fa-8cef-4b78-a252-ccd717748487}"/>
    <object class="MarkerTrack" id="{b58c10b1-3a4c-4219-a013-1eded7b24d50}"/>
    <object class="GroupTrack" id="{9771fceb-00ab-4025-a434-cc82ba879409}">
        <relationship name="modules">
            <destination>{d89514b3-d4fb-4282-8caf-875eae32dfcd}</destination>
        </relationship>
        <relationship name="mixerGroup">
            <destination>{358e7ef7-c5e6-4fe0-8a2b-66152a6b55e3}</destination>
        </relationship>
    </object>
    <object class="Timeline" id="{456f1e37-21fd-4bd0-9e36-8a57ddaf6c8d}">
        <relationship name="modules">
            <destination>{d89514b3-d4fb-4282-8caf-875eae32dfcd}</destination>
        </relationship>
    </object>
    <object class="EventMixerMaster" id="{9380297c-b803-4b1c-b5a2-43989e8407f5}">
        <relationship name="effectChain">
            <destination>{b40ce46e-789a-4fbf-b289-1463bce3a70d}</destination>
        </relationship>
        <relationship name="panner">
            <destination>{806d0d7f-4cb3-475b-9d6e-2de31975e5d8}</destination>
        </relationship>
        <relationship name="mixer">
            <destination>{72314b98-c5d6-42b3-ade0-a81af0ebee5f}</destination>
        </relationship>
    </object>
    <object class="MixerBusEffectChain" id="{92d6baab-651d-4295-b30f-72ece71d8d35}">
        <relationship name="effects">
            <destination>{ba27b658-e606-4bbd-9ac6-048088f58561}</destination>
        </relationship>
    </object>
    <object class="MixerBusPanner" id="{f95a20ce-654e-433c-808a-c98722c50942}"/>
    <object class="SingleSound" id="{d89514b3-d4fb-4282-8caf-875eae32dfcd}">
        <property name="length">
            <value>0.21929166666666666</value>
        </property>
        <property name="volume">
            <value>-7</value>
        </property>
        <relationship name="modulators">
            <destination>{eb83f894-29fc-44d5-b723-26e81d808c2e}</destination>
        </relationship>
        <relationship name="audioFile">
            <destination>{0cdb8ec8-1c3a-4f90-9615-6314657be3cb}</destination>
        </relationship>
    </object>
    <object class="EventMixerGroup" id="{358e7ef7-c5e6-4fe0-8a2b-66152a6b55e3}">
        <property name="name">
            <value>Audio 1</value>
        </property>
        <relationship name="effectChain">
            <destination>{86b8a1ff-d67d-4d3b-a05f-5bfd2ca02324}</destination>
        </relationship>
        <relationship name="panner">
            <destination>{d9d43959-50c2-4902-9e5c-9091f87f8dbb}</destination>
        </relationship>
        <relationship name="output">
            <destination>{9380297c-b803-4b1c-b5a2-43989e8407f5}</destination>
        </relationship>
    </object>
    <object class="MixerBusEffectChain" id="{b40ce46e-789a-4fbf-b289-1463bce3a70d}">
        <relationship name="effects">
            <destination>{88292e08-e035-46b1-8448-8f593f603a28}</destination>
        </relationship>
    </object>
    <object class="MixerBusPanner" id="{806d0d7f-4cb3-475b-9d6e-2de31975e5d8}"/>
    <object class="MixerBusFader" id="{ba27b658-e606-4bbd-9ac6-048088f58561}"/>
    <object class="RandomizerModulator" id="{eb83f894-29fc-44d5-b723-26e81d808c2e}">
        <property name="nameOfPropertyBeingModulated">
            <value>pitch</value>
        </property>
        <property name="amount">
            <value>8.5</value>
        </property>
    </object>
    <object class="MixerBusEffectChain" id="{86b8a1ff-d67d-4d3b-a05f-5bfd2ca02324}">
        <relationship name="effects">
            <destination>{02ac912c-23a9-4bc3-a148-662b058fead0}</destination>
        </relationship>
    </object>
    <object class="MixerBusPanner" id="{d9d43959-50c2-4902-9e5c-9091f87f8dbb}"/>
    <object class="MixerBusFader" id="{88292e08-e035-46b1-8448-8f593f603a28}"/>
    <object class="MixerBusFader" id="{02ac912c-23a9-4bc3-a148-662b058fead0}"/>
</objects>
