<?xml version="1.0" encoding="UTF-8"?>
<objects serializationModel="Studio.01.10.00">
    <object class="Event" id="{3cdcce67-43a5-4144-9643-fbf56c55e326}">
        <property name="name">
            <value>Wall_jump_right</value>
        </property>
        <property name="outputFormat">
            <value>1</value>
        </property>
        <relationship name="folder">
            <destination>{7dfd58f0-aef8-4314-8673-6dd9d52850b8}</destination>
        </relationship>
        <relationship name="mixer">
            <destination>{05d113de-4c57-4ddc-9040-0d1a8918ef69}</destination>
        </relationship>
        <relationship name="masterTrack">
            <destination>{46f8489e-149b-49b3-8bb1-7ce5c1292b28}</destination>
        </relationship>
        <relationship name="mixerInput">
            <destination>{f2a425a8-5dff-412a-a9ab-3ccd93996c05}</destination>
        </relationship>
        <relationship name="automatableProperties">
            <destination>{50db529c-12a1-4248-98f7-ab2be65521f8}</destination>
        </relationship>
        <relationship name="markerTracks">
            <destination>{8c1dddf7-adba-4c81-b06e-1e0d2bc16615}</destination>
        </relationship>
        <relationship name="groupTracks">
            <destination>{62d2e635-d9c2-4b31-98c0-3830cbd0e442}</destination>
        </relationship>
        <relationship name="timeline">
            <destination>{d8da534f-39d8-49e7-addc-f6ca6f2443e7}</destination>
        </relationship>
        <relationship name="banks">
            <destination>{6bef52a7-b520-4dea-a630-032a1fa14fa9}</destination>
        </relationship>
    </object>
    <object class="EventMixer" id="{05d113de-4c57-4ddc-9040-0d1a8918ef69}">
        <relationship name="masterBus">
            <destination>{5c2c7ccb-eb96-495b-9cc0-f9b6367149fe}</destination>
        </relationship>
    </object>
    <object class="MasterTrack" id="{46f8489e-149b-49b3-8bb1-7ce5c1292b28}">
        <relationship name="mixerGroup">
            <destination>{5c2c7ccb-eb96-495b-9cc0-f9b6367149fe}</destination>
        </relationship>
    </object>
    <object class="MixerInput" id="{f2a425a8-5dff-412a-a9ab-3ccd93996c05}">
        <relationship name="effectChain">
            <destination>{51b3cfbe-aa40-400b-a283-9968f6ca810f}</destination>
        </relationship>
        <relationship name="panner">
            <destination>{ea9ae2a5-493b-4f40-94d0-da4ce57d73c1}</destination>
        </relationship>
        <relationship name="output">
            <destination>{3ffe360f-a576-4351-9c54-f8f19b3e89af}</destination>
        </relationship>
    </object>
    <object class="EventAutomatableProperties" id="{50db529c-12a1-4248-98f7-ab2be65521f8}"/>
    <object class="MarkerTrack" id="{8c1dddf7-adba-4c81-b06e-1e0d2bc16615}"/>
    <object class="GroupTrack" id="{62d2e635-d9c2-4b31-98c0-3830cbd0e442}">
        <relationship name="modules">
            <destination>{a5ea503e-f300-49bf-8aac-4d38fbadeb69}</destination>
        </relationship>
        <relationship name="mixerGroup">
            <destination>{9c4f69fe-e0a8-4c15-bb44-5986240b0db3}</destination>
        </relationship>
    </object>
    <object class="Timeline" id="{d8da534f-39d8-49e7-addc-f6ca6f2443e7}">
        <relationship name="modules">
            <destination>{a5ea503e-f300-49bf-8aac-4d38fbadeb69}</destination>
        </relationship>
    </object>
    <object class="EventMixerMaster" id="{5c2c7ccb-eb96-495b-9cc0-f9b6367149fe}">
        <relationship name="effectChain">
            <destination>{10f084f6-ce00-495b-bc24-a4a92e3ecca6}</destination>
        </relationship>
        <relationship name="panner">
            <destination>{3f1f0eb7-c1ee-4e92-b203-e04ea13ad91c}</destination>
        </relationship>
        <relationship name="mixer">
            <destination>{05d113de-4c57-4ddc-9040-0d1a8918ef69}</destination>
        </relationship>
    </object>
    <object class="MixerBusEffectChain" id="{51b3cfbe-aa40-400b-a283-9968f6ca810f}">
        <relationship name="effects">
            <destination>{72490550-cbaf-474c-8c37-648e4f38cecd}</destination>
        </relationship>
    </object>
    <object class="MixerBusPanner" id="{ea9ae2a5-493b-4f40-94d0-da4ce57d73c1}"/>
    <object class="SingleSound" id="{a5ea503e-f300-49bf-8aac-4d38fbadeb69}">
        <property name="length">
            <value>0.33720833333333333</value>
        </property>
        <property name="volume">
            <value>-5</value>
        </property>
        <relationship name="modulators">
            <destination>{9be1d054-0dcd-4d35-92c6-706c0be80336}</destination>
        </relationship>
        <relationship name="audioFile">
            <destination>{46967cda-d933-4429-aefd-d8f41e38f093}</destination>
        </relationship>
    </object>
    <object class="EventMixerGroup" id="{9c4f69fe-e0a8-4c15-bb44-5986240b0db3}">
        <property name="name">
            <value>Audio 1</value>
        </property>
        <relationship name="effectChain">
            <destination>{56048ff1-6c2c-4013-8ddc-9f56099af111}</destination>
        </relationship>
        <relationship name="panner">
            <destination>{1c27386d-3756-4c17-a9de-21a5e72e6dd1}</destination>
        </relationship>
        <relationship name="output">
            <destination>{5c2c7ccb-eb96-495b-9cc0-f9b6367149fe}</destination>
        </relationship>
    </object>
    <object class="MixerBusEffectChain" id="{10f084f6-ce00-495b-bc24-a4a92e3ecca6}">
        <relationship name="effects">
            <destination>{9971d3df-61d8-4e63-bce5-fbe6685a9fbe}</destination>
        </relationship>
    </object>
    <object class="MixerBusPanner" id="{3f1f0eb7-c1ee-4e92-b203-e04ea13ad91c}"/>
    <object class="MixerBusFader" id="{72490550-cbaf-474c-8c37-648e4f38cecd}"/>
    <object class="RandomizerModulator" id="{9be1d054-0dcd-4d35-92c6-706c0be80336}">
        <property name="nameOfPropertyBeingModulated">
            <value>pitch</value>
        </property>
        <property name="amount">
            <value>8</value>
        </property>
    </object>
    <object class="MixerBusEffectChain" id="{56048ff1-6c2c-4013-8ddc-9f56099af111}">
        <relationship name="effects">
            <destination>{1d8c8bed-5709-4a8d-9002-3d8b7dc925d0}</destination>
        </relationship>
    </object>
    <object class="MixerBusPanner" id="{1c27386d-3756-4c17-a9de-21a5e72e6dd1}"/>
    <object class="MixerBusFader" id="{9971d3df-61d8-4e63-bce5-fbe6685a9fbe}"/>
    <object class="MixerBusFader" id="{1d8c8bed-5709-4a8d-9002-3d8b7dc925d0}"/>
</objects>
