<?xml version="1.0" encoding="UTF-8"?>
<objects serializationModel="Studio.01.10.00">
    <object class="Event" id="{45361d60-84e9-436a-ac7e-3fca3ce289cf}">
        <property name="name">
            <value>Jump_Land</value>
        </property>
        <property name="outputFormat">
            <value>0</value>
        </property>
        <relationship name="folder">
            <destination>{7dfd58f0-aef8-4314-8673-6dd9d52850b8}</destination>
        </relationship>
        <relationship name="mixer">
            <destination>{5cceff35-b4a3-4a3f-9313-baedc77cb9e7}</destination>
        </relationship>
        <relationship name="masterTrack">
            <destination>{511b6033-5b1e-400d-8e67-730b57b0ca7e}</destination>
        </relationship>
        <relationship name="mixerInput">
            <destination>{4cb3006b-6795-4cf9-bf59-c979598bef87}</destination>
        </relationship>
        <relationship name="automatableProperties">
            <destination>{cbb1ddc6-cde7-4c12-bf86-afa0775d251a}</destination>
        </relationship>
        <relationship name="markerTracks">
            <destination>{1f59c1be-adcd-47ee-93e6-3fded2e6620e}</destination>
        </relationship>
        <relationship name="groupTracks">
            <destination>{f3e5e9af-35ff-48c1-b09d-5e472de30a5d}</destination>
        </relationship>
        <relationship name="timeline">
            <destination>{c473b07d-de53-4cb9-8fde-391a5cb33fab}</destination>
        </relationship>
        <relationship name="banks">
            <destination>{6bef52a7-b520-4dea-a630-032a1fa14fa9}</destination>
        </relationship>
    </object>
    <object class="EventMixer" id="{5cceff35-b4a3-4a3f-9313-baedc77cb9e7}">
        <relationship name="masterBus">
            <destination>{7ee594c5-ae41-46ef-b834-034bc836cf54}</destination>
        </relationship>
    </object>
    <object class="MasterTrack" id="{511b6033-5b1e-400d-8e67-730b57b0ca7e}">
        <relationship name="mixerGroup">
            <destination>{7ee594c5-ae41-46ef-b834-034bc836cf54}</destination>
        </relationship>
    </object>
    <object class="MixerInput" id="{4cb3006b-6795-4cf9-bf59-c979598bef87}">
        <relationship name="effectChain">
            <destination>{e78f7855-b49e-4fa6-bf93-922086def5e0}</destination>
        </relationship>
        <relationship name="panner">
            <destination>{fe2ce248-825c-4d8b-996f-b06e086878b5}</destination>
        </relationship>
        <relationship name="output">
            <destination>{3ffe360f-a576-4351-9c54-f8f19b3e89af}</destination>
        </relationship>
    </object>
    <object class="EventAutomatableProperties" id="{cbb1ddc6-cde7-4c12-bf86-afa0775d251a}"/>
    <object class="MarkerTrack" id="{1f59c1be-adcd-47ee-93e6-3fded2e6620e}"/>
    <object class="GroupTrack" id="{f3e5e9af-35ff-48c1-b09d-5e472de30a5d}">
        <relationship name="modules">
            <destination>{090db4ea-12f4-4f61-9b85-f3d75c095626}</destination>
        </relationship>
        <relationship name="mixerGroup">
            <destination>{a24cf165-aa0f-408d-b3ea-1e9b92b24cde}</destination>
        </relationship>
    </object>
    <object class="Timeline" id="{c473b07d-de53-4cb9-8fde-391a5cb33fab}">
        <relationship name="modules">
            <destination>{090db4ea-12f4-4f61-9b85-f3d75c095626}</destination>
        </relationship>
    </object>
    <object class="EventMixerMaster" id="{7ee594c5-ae41-46ef-b834-034bc836cf54}">
        <relationship name="effectChain">
            <destination>{bf2720fb-b2e1-4da8-9c17-5e3a82f01214}</destination>
        </relationship>
        <relationship name="panner">
            <destination>{9626183b-0a6e-4a38-8dd3-a33b7a39c80e}</destination>
        </relationship>
        <relationship name="mixer">
            <destination>{5cceff35-b4a3-4a3f-9313-baedc77cb9e7}</destination>
        </relationship>
    </object>
    <object class="MixerBusEffectChain" id="{e78f7855-b49e-4fa6-bf93-922086def5e0}">
        <relationship name="effects">
            <destination>{b3e97e0e-fe59-4a72-8038-88c07ccdddd2}</destination>
        </relationship>
    </object>
    <object class="MixerBusPanner" id="{fe2ce248-825c-4d8b-996f-b06e086878b5}"/>
    <object class="SingleSound" id="{090db4ea-12f4-4f61-9b85-f3d75c095626}">
        <property name="length">
            <value>0.5</value>
        </property>
        <property name="pitch">
            <value>-4</value>
        </property>
        <relationship name="modulators">
            <destination>{b6f93409-56a4-4b09-8112-75fc2e48c34b}</destination>
        </relationship>
        <relationship name="audioFile">
            <destination>{465413d0-9510-47b6-bbf3-0b928c6d7f71}</destination>
        </relationship>
    </object>
    <object class="EventMixerGroup" id="{a24cf165-aa0f-408d-b3ea-1e9b92b24cde}">
        <property name="name">
            <value>Audio 1</value>
        </property>
        <relationship name="effectChain">
            <destination>{812518e1-eeb7-4111-9f49-802d9642d9b6}</destination>
        </relationship>
        <relationship name="panner">
            <destination>{46c7513c-6d70-4326-9759-0922601ed290}</destination>
        </relationship>
        <relationship name="output">
            <destination>{7ee594c5-ae41-46ef-b834-034bc836cf54}</destination>
        </relationship>
    </object>
    <object class="MixerBusEffectChain" id="{bf2720fb-b2e1-4da8-9c17-5e3a82f01214}">
        <relationship name="effects">
            <destination>{927ea6e1-f455-4d79-9b67-daa2c9f32e57}</destination>
        </relationship>
    </object>
    <object class="MixerBusPanner" id="{9626183b-0a6e-4a38-8dd3-a33b7a39c80e}"/>
    <object class="MixerBusFader" id="{b3e97e0e-fe59-4a72-8038-88c07ccdddd2}"/>
    <object class="RandomizerModulator" id="{b6f93409-56a4-4b09-8112-75fc2e48c34b}">
        <property name="nameOfPropertyBeingModulated">
            <value>pitch</value>
        </property>
        <property name="amount">
            <value>13</value>
        </property>
    </object>
    <object class="MixerBusEffectChain" id="{812518e1-eeb7-4111-9f49-802d9642d9b6}">
        <relationship name="effects">
            <destination>{a079bb17-b2a4-4c78-96cc-292a250bf85e}</destination>
        </relationship>
    </object>
    <object class="MixerBusPanner" id="{46c7513c-6d70-4326-9759-0922601ed290}"/>
    <object class="MixerBusFader" id="{927ea6e1-f455-4d79-9b67-daa2c9f32e57}"/>
    <object class="MixerBusFader" id="{a079bb17-b2a4-4c78-96cc-292a250bf85e}"/>
</objects>
