<?xml version="1.0" encoding="UTF-8"?>
<objects serializationModel="Studio.01.10.00">
    <object class="Event" id="{4e7b55e4-6965-494d-96bd-aeaf8f9bf4d5}">
        <property name="name">
            <value>Jump_Up</value>
        </property>
        <property name="outputFormat">
            <value>1</value>
        </property>
        <relationship name="folder">
            <destination>{7dfd58f0-aef8-4314-8673-6dd9d52850b8}</destination>
        </relationship>
        <relationship name="mixer">
            <destination>{b92f8e5a-4bcb-4d49-9cbf-9314173a51dc}</destination>
        </relationship>
        <relationship name="masterTrack">
            <destination>{56fdfc22-9075-4b2b-8272-b167bee93d29}</destination>
        </relationship>
        <relationship name="mixerInput">
            <destination>{ddbffa15-d5b6-4166-a8b9-1e616dca92ba}</destination>
        </relationship>
        <relationship name="automatableProperties">
            <destination>{87914dba-9965-41fd-a07a-254e626335d4}</destination>
        </relationship>
        <relationship name="markerTracks">
            <destination>{c55e66da-f366-45ab-9167-28223c8811bd}</destination>
        </relationship>
        <relationship name="groupTracks">
            <destination>{349c6af7-6305-4ab5-844a-1a221a6ac9ef}</destination>
        </relationship>
        <relationship name="timeline">
            <destination>{6ada3fa2-32d5-46da-a5af-64950a5cf13d}</destination>
        </relationship>
        <relationship name="banks">
            <destination>{6bef52a7-b520-4dea-a630-032a1fa14fa9}</destination>
        </relationship>
    </object>
    <object class="EventMixer" id="{b92f8e5a-4bcb-4d49-9cbf-9314173a51dc}">
        <relationship name="masterBus">
            <destination>{423439ea-6a4e-4702-9361-66e3a87966fa}</destination>
        </relationship>
    </object>
    <object class="MasterTrack" id="{56fdfc22-9075-4b2b-8272-b167bee93d29}">
        <relationship name="mixerGroup">
            <destination>{423439ea-6a4e-4702-9361-66e3a87966fa}</destination>
        </relationship>
    </object>
    <object class="MixerInput" id="{ddbffa15-d5b6-4166-a8b9-1e616dca92ba}">
        <relationship name="effectChain">
            <destination>{84c705f0-f46b-4c0a-ba36-93faaee3da9d}</destination>
        </relationship>
        <relationship name="panner">
            <destination>{48776d82-0bb0-4eb6-9dc6-a75dada94b50}</destination>
        </relationship>
        <relationship name="output">
            <destination>{3ffe360f-a576-4351-9c54-f8f19b3e89af}</destination>
        </relationship>
    </object>
    <object class="EventAutomatableProperties" id="{87914dba-9965-41fd-a07a-254e626335d4}"/>
    <object class="MarkerTrack" id="{c55e66da-f366-45ab-9167-28223c8811bd}"/>
    <object class="GroupTrack" id="{349c6af7-6305-4ab5-844a-1a221a6ac9ef}">
        <relationship name="modules">
            <destination>{891117e3-c0b0-42c1-a5b4-5132477c6743}</destination>
        </relationship>
        <relationship name="mixerGroup">
            <destination>{7d072847-aa5c-4890-8828-31b95bc5b7de}</destination>
        </relationship>
    </object>
    <object class="Timeline" id="{6ada3fa2-32d5-46da-a5af-64950a5cf13d}">
        <relationship name="modules">
            <destination>{891117e3-c0b0-42c1-a5b4-5132477c6743}</destination>
        </relationship>
    </object>
    <object class="EventMixerMaster" id="{423439ea-6a4e-4702-9361-66e3a87966fa}">
        <relationship name="effectChain">
            <destination>{a6b20d78-2312-482e-894e-ec788402186f}</destination>
        </relationship>
        <relationship name="panner">
            <destination>{a7f47c6a-e3b3-4618-b80c-85b2983fe799}</destination>
        </relationship>
        <relationship name="mixer">
            <destination>{b92f8e5a-4bcb-4d49-9cbf-9314173a51dc}</destination>
        </relationship>
    </object>
    <object class="MixerBusEffectChain" id="{84c705f0-f46b-4c0a-ba36-93faaee3da9d}">
        <relationship name="effects">
            <destination>{45b98f67-dbfe-43bf-b142-5aafacf644ab}</destination>
        </relationship>
    </object>
    <object class="MixerBusPanner" id="{48776d82-0bb0-4eb6-9dc6-a75dada94b50}"/>
    <object class="SingleSound" id="{891117e3-c0b0-42c1-a5b4-5132477c6743}">
        <property name="length">
            <value>0.20999999999999999</value>
        </property>
        <property name="volume">
            <value>-6.5</value>
        </property>
        <property name="pitch">
            <value>-4</value>
        </property>
        <relationship name="modulators">
            <destination>{de2c53df-f29b-4ece-8e24-387af848bcc2}</destination>
        </relationship>
        <relationship name="audioFile">
            <destination>{cbcc25a9-ecbb-4103-a12c-16e14eb0c6af}</destination>
        </relationship>
    </object>
    <object class="EventMixerGroup" id="{7d072847-aa5c-4890-8828-31b95bc5b7de}">
        <property name="name">
            <value>Audio 2</value>
        </property>
        <relationship name="effectChain">
            <destination>{2a730f6c-98a9-43ea-9fa7-1c4a9791aef5}</destination>
        </relationship>
        <relationship name="panner">
            <destination>{e3d869b0-7ba3-42ea-8422-ddf8f47defc8}</destination>
        </relationship>
        <relationship name="output">
            <destination>{423439ea-6a4e-4702-9361-66e3a87966fa}</destination>
        </relationship>
    </object>
    <object class="MixerBusEffectChain" id="{a6b20d78-2312-482e-894e-ec788402186f}">
        <relationship name="effects">
            <destination>{ffaa0e86-8aa6-45f7-82d2-79debd334e12}</destination>
        </relationship>
    </object>
    <object class="MixerBusPanner" id="{a7f47c6a-e3b3-4618-b80c-85b2983fe799}"/>
    <object class="MixerBusFader" id="{45b98f67-dbfe-43bf-b142-5aafacf644ab}"/>
    <object class="RandomizerModulator" id="{de2c53df-f29b-4ece-8e24-387af848bcc2}">
        <property name="nameOfPropertyBeingModulated">
            <value>pitch</value>
        </property>
        <property name="amount">
            <value>8.33333397</value>
        </property>
    </object>
    <object class="MixerBusEffectChain" id="{2a730f6c-98a9-43ea-9fa7-1c4a9791aef5}">
        <relationship name="effects">
            <destination>{2c3fec5d-3512-4c9d-9398-cb201b510b6d}</destination>
        </relationship>
    </object>
    <object class="MixerBusPanner" id="{e3d869b0-7ba3-42ea-8422-ddf8f47defc8}"/>
    <object class="MixerBusFader" id="{ffaa0e86-8aa6-45f7-82d2-79debd334e12}"/>
    <object class="MixerBusFader" id="{2c3fec5d-3512-4c9d-9398-cb201b510b6d}"/>
</objects>
