<?xml version="1.0" encoding="UTF-8"?>
<objects serializationModel="Studio.01.10.00">
    <object class="Event" id="{51b84d8f-8146-4655-9dd3-5972fe50c840}">
        <property name="name">
            <value>Possess_in</value>
        </property>
        <property name="outputFormat">
            <value>1</value>
        </property>
        <relationship name="folder">
            <destination>{7dfd58f0-aef8-4314-8673-6dd9d52850b8}</destination>
        </relationship>
        <relationship name="mixer">
            <destination>{67505ca9-e8d5-4e13-aa9d-d9ed34591e3d}</destination>
        </relationship>
        <relationship name="masterTrack">
            <destination>{9ea8ec6d-c9a5-48d7-8d23-50b7ec3cc59d}</destination>
        </relationship>
        <relationship name="mixerInput">
            <destination>{f3e065bd-8c9b-4814-9907-f6ee9b61e3ba}</destination>
        </relationship>
        <relationship name="automatableProperties">
            <destination>{83a843a0-6c38-44e0-b4f4-d7012ccf9c3b}</destination>
        </relationship>
        <relationship name="markerTracks">
            <destination>{d1a62459-d72c-42bd-97e1-dc1d33ae6ba7}</destination>
        </relationship>
        <relationship name="groupTracks">
            <destination>{7fc889da-f46a-42cf-b23f-476d1c2d0126}</destination>
        </relationship>
        <relationship name="timeline">
            <destination>{e08723fe-4b48-4243-8b32-b3f20f0c231f}</destination>
        </relationship>
        <relationship name="banks">
            <destination>{6bef52a7-b520-4dea-a630-032a1fa14fa9}</destination>
        </relationship>
    </object>
    <object class="EventMixer" id="{67505ca9-e8d5-4e13-aa9d-d9ed34591e3d}">
        <relationship name="masterBus">
            <destination>{b6395e7b-b9a8-45da-b62b-2c06051fe07a}</destination>
        </relationship>
    </object>
    <object class="MasterTrack" id="{9ea8ec6d-c9a5-48d7-8d23-50b7ec3cc59d}">
        <relationship name="mixerGroup">
            <destination>{b6395e7b-b9a8-45da-b62b-2c06051fe07a}</destination>
        </relationship>
    </object>
    <object class="MixerInput" id="{f3e065bd-8c9b-4814-9907-f6ee9b61e3ba}">
        <relationship name="effectChain">
            <destination>{0a544c87-7d17-4043-90cd-667113784433}</destination>
        </relationship>
        <relationship name="panner">
            <destination>{739f08fc-1bac-4189-8aa2-a4d78fb06e94}</destination>
        </relationship>
        <relationship name="output">
            <destination>{3ffe360f-a576-4351-9c54-f8f19b3e89af}</destination>
        </relationship>
    </object>
    <object class="EventAutomatableProperties" id="{83a843a0-6c38-44e0-b4f4-d7012ccf9c3b}"/>
    <object class="MarkerTrack" id="{d1a62459-d72c-42bd-97e1-dc1d33ae6ba7}"/>
    <object class="GroupTrack" id="{7fc889da-f46a-42cf-b23f-476d1c2d0126}">
        <relationship name="modules">
            <destination>{45e38db0-b11b-47c7-a831-de4870fd4339}</destination>
        </relationship>
        <relationship name="mixerGroup">
            <destination>{19534a24-cab2-4a0b-9e8a-16f57f610295}</destination>
        </relationship>
    </object>
    <object class="Timeline" id="{e08723fe-4b48-4243-8b32-b3f20f0c231f}">
        <relationship name="modules">
            <destination>{45e38db0-b11b-47c7-a831-de4870fd4339}</destination>
        </relationship>
    </object>
    <object class="EventMixerMaster" id="{b6395e7b-b9a8-45da-b62b-2c06051fe07a}">
        <relationship name="effectChain">
            <destination>{afda64a3-4086-4f24-b58a-8eb5b75845c0}</destination>
        </relationship>
        <relationship name="panner">
            <destination>{8df8c1c2-9df3-4b8f-af33-0bc1173d858c}</destination>
        </relationship>
        <relationship name="mixer">
            <destination>{67505ca9-e8d5-4e13-aa9d-d9ed34591e3d}</destination>
        </relationship>
    </object>
    <object class="MixerBusEffectChain" id="{0a544c87-7d17-4043-90cd-667113784433}">
        <relationship name="effects">
            <destination>{406e3770-47ce-4840-aecf-e6cf7e9d1729}</destination>
        </relationship>
    </object>
    <object class="MixerBusPanner" id="{739f08fc-1bac-4189-8aa2-a4d78fb06e94}"/>
    <object class="SingleSound" id="{45e38db0-b11b-47c7-a831-de4870fd4339}">
        <property name="length">
            <value>1.1694374999999999</value>
        </property>
        <relationship name="modulators">
            <destination>{db7d77ab-f874-44cb-82a1-4ee708361fba}</destination>
        </relationship>
        <relationship name="audioFile">
            <destination>{9276b2df-ee71-4115-badf-ec7f1637e8f2}</destination>
        </relationship>
    </object>
    <object class="EventMixerGroup" id="{19534a24-cab2-4a0b-9e8a-16f57f610295}">
        <property name="name">
            <value>Audio 1</value>
        </property>
        <relationship name="effectChain">
            <destination>{96fb3577-a441-4bb9-897f-8b5bf0261f8b}</destination>
        </relationship>
        <relationship name="panner">
            <destination>{7305c42c-984f-456c-b4cb-9a2de14751f5}</destination>
        </relationship>
        <relationship name="output">
            <destination>{b6395e7b-b9a8-45da-b62b-2c06051fe07a}</destination>
        </relationship>
    </object>
    <object class="MixerBusEffectChain" id="{afda64a3-4086-4f24-b58a-8eb5b75845c0}">
        <relationship name="effects">
            <destination>{9d3e18ae-9b8c-4eb3-8c59-b17cfc484567}</destination>
        </relationship>
    </object>
    <object class="MixerBusPanner" id="{8df8c1c2-9df3-4b8f-af33-0bc1173d858c}"/>
    <object class="MixerBusFader" id="{406e3770-47ce-4840-aecf-e6cf7e9d1729}"/>
    <object class="RandomizerModulator" id="{db7d77ab-f874-44cb-82a1-4ee708361fba}">
        <property name="nameOfPropertyBeingModulated">
            <value>pitch</value>
        </property>
        <property name="amount">
            <value>5.5</value>
        </property>
    </object>
    <object class="MixerBusEffectChain" id="{96fb3577-a441-4bb9-897f-8b5bf0261f8b}">
        <relationship name="effects">
            <destination>{f15cc7af-a7e8-4ea9-8b75-404963d54778}</destination>
        </relationship>
    </object>
    <object class="MixerBusPanner" id="{7305c42c-984f-456c-b4cb-9a2de14751f5}"/>
    <object class="MixerBusFader" id="{9d3e18ae-9b8c-4eb3-8c59-b17cfc484567}"/>
    <object class="MixerBusFader" id="{f15cc7af-a7e8-4ea9-8b75-404963d54778}"/>
</objects>
