<?xml version="1.0" encoding="UTF-8"?>
<objects serializationModel="Studio.01.10.00">
    <object class="Event" id="{6acc278b-e740-4278-9d58-858b72cc02f1}">
        <property name="name">
            <value>Blast_Core_Pressure</value>
        </property>
        <property name="outputFormat">
            <value>1</value>
        </property>
        <relationship name="folder">
            <destination>{7dfd58f0-aef8-4314-8673-6dd9d52850b8}</destination>
        </relationship>
        <relationship name="mixer">
            <destination>{6bbb4a3c-b90f-4008-b59d-7d876a3b7687}</destination>
        </relationship>
        <relationship name="masterTrack">
            <destination>{3d220566-eb98-4c7c-9026-e087244d691f}</destination>
        </relationship>
        <relationship name="mixerInput">
            <destination>{fc0e3437-5723-4275-b809-84ff9f2152bb}</destination>
        </relationship>
        <relationship name="automatableProperties">
            <destination>{65987de9-06df-4287-b1d6-0b7e17e0d179}</destination>
        </relationship>
        <relationship name="markerTracks">
            <destination>{cdba8140-82c8-4546-9341-44827a3080fe}</destination>
        </relationship>
        <relationship name="groupTracks">
            <destination>{718c42d2-60ca-4677-898c-05851fd92ef0}</destination>
        </relationship>
        <relationship name="timeline">
            <destination>{286766f6-961a-48f2-904c-66e7feb6a61e}</destination>
        </relationship>
        <relationship name="banks">
            <destination>{6bef52a7-b520-4dea-a630-032a1fa14fa9}</destination>
        </relationship>
    </object>
    <object class="EventMixer" id="{6bbb4a3c-b90f-4008-b59d-7d876a3b7687}">
        <relationship name="masterBus">
            <destination>{e0d975c2-aeaf-496b-9be1-8c6a9e7f5290}</destination>
        </relationship>
    </object>
    <object class="MasterTrack" id="{3d220566-eb98-4c7c-9026-e087244d691f}">
        <relationship name="mixerGroup">
            <destination>{e0d975c2-aeaf-496b-9be1-8c6a9e7f5290}</destination>
        </relationship>
    </object>
    <object class="MixerInput" id="{fc0e3437-5723-4275-b809-84ff9f2152bb}">
        <relationship name="effectChain">
            <destination>{704f8833-b7c8-44f3-804b-aa02deddf7e9}</destination>
        </relationship>
        <relationship name="panner">
            <destination>{b56bc0b8-618d-4759-9bd8-d0b937f370fc}</destination>
        </relationship>
        <relationship name="output">
            <destination>{3ffe360f-a576-4351-9c54-f8f19b3e89af}</destination>
        </relationship>
    </object>
    <object class="EventAutomatableProperties" id="{65987de9-06df-4287-b1d6-0b7e17e0d179}"/>
    <object class="MarkerTrack" id="{cdba8140-82c8-4546-9341-44827a3080fe}"/>
    <object class="GroupTrack" id="{718c42d2-60ca-4677-898c-05851fd92ef0}">
        <relationship name="modules">
            <destination>{87b075d8-8816-4095-aa11-e8b2a1c6b7de}</destination>
        </relationship>
        <relationship name="mixerGroup">
            <destination>{cad34d01-2715-4711-ab54-b2ed61701cac}</destination>
        </relationship>
    </object>
    <object class="Timeline" id="{286766f6-961a-48f2-904c-66e7feb6a61e}">
        <relationship name="modules">
            <destination>{87b075d8-8816-4095-aa11-e8b2a1c6b7de}</destination>
        </relationship>
        <relationship name="markers">
            <destination>{06daf7a3-c754-45b5-9c23-342d719e18d2}</destination>
        </relationship>
    </object>
    <object class="EventMixerMaster" id="{e0d975c2-aeaf-496b-9be1-8c6a9e7f5290}">
        <relationship name="effectChain">
            <destination>{08213696-8ce0-4805-b66f-c925cbdd4526}</destination>
        </relationship>
        <relationship name="panner">
            <destination>{c622f8ef-08ab-485d-a28e-8e770b280804}</destination>
        </relationship>
        <relationship name="mixer">
            <destination>{6bbb4a3c-b90f-4008-b59d-7d876a3b7687}</destination>
        </relationship>
    </object>
    <object class="MixerBusEffectChain" id="{704f8833-b7c8-44f3-804b-aa02deddf7e9}">
        <relationship name="effects">
            <destination>{766b7b0f-d672-4f5f-ad02-d10dac0e25bb}</destination>
        </relationship>
    </object>
    <object class="MixerBusPanner" id="{b56bc0b8-618d-4759-9bd8-d0b937f370fc}"/>
    <object class="SingleSound" id="{87b075d8-8816-4095-aa11-e8b2a1c6b7de}">
        <property name="length">
            <value>8</value>
        </property>
        <relationship name="modulators">
            <destination>{699a4da6-1257-413a-83ee-5a9eee8cd141}</destination>
        </relationship>
        <relationship name="audioFile">
            <destination>{8c8b0de1-65ac-42fa-9dc8-13203596ea3f}</destination>
        </relationship>
    </object>
    <object class="EventMixerGroup" id="{cad34d01-2715-4711-ab54-b2ed61701cac}">
        <property name="name">
            <value>Audio 1</value>
        </property>
        <relationship name="effectChain">
            <destination>{9f2f1df7-81ae-4a34-acf1-ab82645314e6}</destination>
        </relationship>
        <relationship name="panner">
            <destination>{73891067-0d6f-4bcf-8a4b-b4de7cc87e52}</destination>
        </relationship>
        <relationship name="output">
            <destination>{e0d975c2-aeaf-496b-9be1-8c6a9e7f5290}</destination>
        </relationship>
    </object>
    <object class="LoopRegion" id="{06daf7a3-c754-45b5-9c23-342d719e18d2}">
        <property name="position">
            <value>3</value>
        </property>
        <property name="length">
            <value>5</value>
        </property>
        <relationship name="timeline">
            <destination>{286766f6-961a-48f2-904c-66e7feb6a61e}</destination>
        </relationship>
        <relationship name="markerTrack">
            <destination>{cdba8140-82c8-4546-9341-44827a3080fe}</destination>
        </relationship>
    </object>
    <object class="MixerBusEffectChain" id="{08213696-8ce0-4805-b66f-c925cbdd4526}">
        <relationship name="effects">
            <destination>{3e78ce8f-7148-4267-8e12-937e7b881853}</destination>
        </relationship>
    </object>
    <object class="MixerBusPanner" id="{c622f8ef-08ab-485d-a28e-8e770b280804}"/>
    <object class="MixerBusFader" id="{766b7b0f-d672-4f5f-ad02-d10dac0e25bb}"/>
    <object class="RandomizerModulator" id="{699a4da6-1257-413a-83ee-5a9eee8cd141}">
        <property name="nameOfPropertyBeingModulated">
            <value>pitch</value>
        </property>
        <property name="amount">
            <value>9.5</value>
        </property>
    </object>
    <object class="MixerBusEffectChain" id="{9f2f1df7-81ae-4a34-acf1-ab82645314e6}">
        <relationship name="effects">
            <destination>{67ec67ba-a664-4c53-8363-43411768ebf6}</destination>
        </relationship>
    </object>
    <object class="MixerBusPanner" id="{73891067-0d6f-4bcf-8a4b-b4de7cc87e52}"/>
    <object class="MixerBusFader" id="{3e78ce8f-7148-4267-8e12-937e7b881853}"/>
    <object class="MixerBusFader" id="{67ec67ba-a664-4c53-8363-43411768ebf6}"/>
</objects>
