<?xml version="1.0" encoding="UTF-8"?>
<objects serializationModel="Studio.01.10.00">
    <object class="Event" id="{834cee28-368e-4d48-aff3-9df083bb272c}">
        <property name="name">
            <value>Wall_slide</value>
        </property>
        <property name="outputFormat">
            <value>1</value>
        </property>
        <relationship name="folder">
            <destination>{7dfd58f0-aef8-4314-8673-6dd9d52850b8}</destination>
        </relationship>
        <relationship name="mixer">
            <destination>{7272b1d8-e519-4bb9-bb35-6c8fd6c8c31d}</destination>
        </relationship>
        <relationship name="masterTrack">
            <destination>{7df0cf8b-d587-4284-b20a-0bc30be7d530}</destination>
        </relationship>
        <relationship name="mixerInput">
            <destination>{1ee962f3-223d-4cc2-a348-a251cb070fe0}</destination>
        </relationship>
        <relationship name="automatableProperties">
            <destination>{02c9fa48-dd5a-4344-86a1-431d0917ebec}</destination>
        </relationship>
        <relationship name="markerTracks">
            <destination>{fefd6bbf-04f8-495a-92fa-fdc1addaeb10}</destination>
        </relationship>
        <relationship name="groupTracks">
            <destination>{d9e98fb4-c83a-4d9c-b5f5-0ee84d17f7a9}</destination>
        </relationship>
        <relationship name="timeline">
            <destination>{3d363d74-943b-45ed-acb0-ae0e13095295}</destination>
        </relationship>
        <relationship name="banks">
            <destination>{6bef52a7-b520-4dea-a630-032a1fa14fa9}</destination>
        </relationship>
    </object>
    <object class="EventMixer" id="{7272b1d8-e519-4bb9-bb35-6c8fd6c8c31d}">
        <relationship name="masterBus">
            <destination>{c759dd71-616f-4529-9532-47d34b211241}</destination>
        </relationship>
    </object>
    <object class="MasterTrack" id="{7df0cf8b-d587-4284-b20a-0bc30be7d530}">
        <relationship name="mixerGroup">
            <destination>{c759dd71-616f-4529-9532-47d34b211241}</destination>
        </relationship>
    </object>
    <object class="MixerInput" id="{1ee962f3-223d-4cc2-a348-a251cb070fe0}">
        <relationship name="effectChain">
            <destination>{a23cce77-94b8-410a-974d-02b249c51b01}</destination>
        </relationship>
        <relationship name="panner">
            <destination>{a280c1f4-5e98-4572-bf9e-87c7603baedc}</destination>
        </relationship>
        <relationship name="output">
            <destination>{3ffe360f-a576-4351-9c54-f8f19b3e89af}</destination>
        </relationship>
    </object>
    <object class="EventAutomatableProperties" id="{02c9fa48-dd5a-4344-86a1-431d0917ebec}"/>
    <object class="MarkerTrack" id="{fefd6bbf-04f8-495a-92fa-fdc1addaeb10}"/>
    <object class="GroupTrack" id="{d9e98fb4-c83a-4d9c-b5f5-0ee84d17f7a9}">
        <relationship name="modules">
            <destination>{cd49ee3e-0b02-47ea-91a1-0d8e51f3fdc3}</destination>
        </relationship>
        <relationship name="mixerGroup">
            <destination>{b1702cfc-2fc2-4b50-862d-d979bb1281a6}</destination>
        </relationship>
    </object>
    <object class="Timeline" id="{3d363d74-943b-45ed-acb0-ae0e13095295}">
        <relationship name="modules">
            <destination>{cd49ee3e-0b02-47ea-91a1-0d8e51f3fdc3}</destination>
        </relationship>
        <relationship name="markers">
            <destination>{042e9434-e22b-4ef4-898d-7d59503557d1}</destination>
        </relationship>
    </object>
    <object class="EventMixerMaster" id="{c759dd71-616f-4529-9532-47d34b211241}">
        <relationship name="effectChain">
            <destination>{c8f9c8c1-54dc-4cc5-91e0-d60697eeda6b}</destination>
        </relationship>
        <relationship name="panner">
            <destination>{80f3bf74-e923-485f-8541-7bc27531547e}</destination>
        </relationship>
        <relationship name="mixer">
            <destination>{7272b1d8-e519-4bb9-bb35-6c8fd6c8c31d}</destination>
        </relationship>
    </object>
    <object class="MixerBusEffectChain" id="{a23cce77-94b8-410a-974d-02b249c51b01}">
        <relationship name="effects">
            <destination>{b3cd3744-3db9-48d6-9068-b31451aef868}</destination>
        </relationship>
    </object>
    <object class="MixerBusPanner" id="{a280c1f4-5e98-4572-bf9e-87c7603baedc}"/>
    <object class="SingleSound" id="{cd49ee3e-0b02-47ea-91a1-0d8e51f3fdc3}">
        <property name="length">
            <value>6.7392290249433104</value>
        </property>
        <property name="volume">
            <value>10</value>
        </property>
        <property name="pitch">
            <value>-3.60000014</value>
        </property>
        <relationship name="audioFile">
            <destination>{48b3de59-75ed-4207-9b41-7f9667574980}</destination>
        </relationship>
    </object>
    <object class="EventMixerGroup" id="{b1702cfc-2fc2-4b50-862d-d979bb1281a6}">
        <property name="volume">
            <value>8.5</value>
        </property>
        <property name="name">
            <value>Audio 1</value>
        </property>
        <relationship name="effectChain">
            <destination>{f8cc4616-9b8c-41b1-955c-d4731be2daaf}</destination>
        </relationship>
        <relationship name="panner">
            <destination>{77494d91-7468-4c92-b872-d0ca9759c38b}</destination>
        </relationship>
        <relationship name="output">
            <destination>{c759dd71-616f-4529-9532-47d34b211241}</destination>
        </relationship>
    </object>
    <object class="LoopRegion" id="{042e9434-e22b-4ef4-898d-7d59503557d1}">
        <property name="position">
            <value>0</value>
        </property>
        <property name="length">
            <value>6.7392290249433104</value>
        </property>
        <relationship name="timeline">
            <destination>{3d363d74-943b-45ed-acb0-ae0e13095295}</destination>
        </relationship>
        <relationship name="markerTrack">
            <destination>{fefd6bbf-04f8-495a-92fa-fdc1addaeb10}</destination>
        </relationship>
    </object>
    <object class="MixerBusEffectChain" id="{c8f9c8c1-54dc-4cc5-91e0-d60697eeda6b}">
        <relationship name="effects">
            <destination>{eb1845cd-bc44-494a-9201-16c062b6191e}</destination>
        </relationship>
    </object>
    <object class="MixerBusPanner" id="{80f3bf74-e923-485f-8541-7bc27531547e}"/>
    <object class="MixerBusFader" id="{b3cd3744-3db9-48d6-9068-b31451aef868}"/>
    <object class="MixerBusEffectChain" id="{f8cc4616-9b8c-41b1-955c-d4731be2daaf}">
        <relationship name="effects">
            <destination>{1b29cc42-70d3-4e7e-bf7b-2dbe0718fd94}</destination>
        </relationship>
    </object>
    <object class="MixerBusPanner" id="{77494d91-7468-4c92-b872-d0ca9759c38b}"/>
    <object class="MixerBusFader" id="{eb1845cd-bc44-494a-9201-16c062b6191e}"/>
    <object class="MixerBusFader" id="{1b29cc42-70d3-4e7e-bf7b-2dbe0718fd94}"/>
</objects>
