<?xml version="1.0" encoding="UTF-8"?>
<objects serializationModel="Studio.01.10.00">
    <object class="Event" id="{9040e60c-9e94-4ac4-8388-b1c6646fc993}">
        <property name="name">
            <value>Speed_up</value>
        </property>
        <property name="outputFormat">
            <value>1</value>
        </property>
        <relationship name="folder">
            <destination>{7dfd58f0-aef8-4314-8673-6dd9d52850b8}</destination>
        </relationship>
        <relationship name="mixer">
            <destination>{c1ebb163-b4a1-4daf-bfdc-aff78ddb7855}</destination>
        </relationship>
        <relationship name="masterTrack">
            <destination>{aff555f3-b24d-4ab6-ab15-de40d3d27acd}</destination>
        </relationship>
        <relationship name="mixerInput">
            <destination>{58497351-9fab-4a23-b741-5a82a48d7f07}</destination>
        </relationship>
        <relationship name="automatableProperties">
            <destination>{49b961e8-dc5a-49b8-a36c-3e0618ff5ad1}</destination>
        </relationship>
        <relationship name="markerTracks">
            <destination>{27827c74-91c7-418c-987a-4ff09234cb27}</destination>
        </relationship>
        <relationship name="groupTracks">
            <destination>{d98c98f4-202e-42fd-9366-88ac63d273f3}</destination>
        </relationship>
        <relationship name="timeline">
            <destination>{e98c82dc-26d1-4c4d-b4ed-6d3645d92606}</destination>
        </relationship>
        <relationship name="banks">
            <destination>{6bef52a7-b520-4dea-a630-032a1fa14fa9}</destination>
        </relationship>
    </object>
    <object class="EventMixer" id="{c1ebb163-b4a1-4daf-bfdc-aff78ddb7855}">
        <relationship name="masterBus">
            <destination>{58764489-857e-46c3-b459-1c06d466ccc7}</destination>
        </relationship>
    </object>
    <object class="MasterTrack" id="{aff555f3-b24d-4ab6-ab15-de40d3d27acd}">
        <relationship name="mixerGroup">
            <destination>{58764489-857e-46c3-b459-1c06d466ccc7}</destination>
        </relationship>
    </object>
    <object class="MixerInput" id="{58497351-9fab-4a23-b741-5a82a48d7f07}">
        <relationship name="effectChain">
            <destination>{43da1e46-e6cf-4b64-ac3a-56550af81206}</destination>
        </relationship>
        <relationship name="panner">
            <destination>{32b43d41-0ef3-4e6d-9561-1aad24e80944}</destination>
        </relationship>
        <relationship name="output">
            <destination>{3ffe360f-a576-4351-9c54-f8f19b3e89af}</destination>
        </relationship>
    </object>
    <object class="EventAutomatableProperties" id="{49b961e8-dc5a-49b8-a36c-3e0618ff5ad1}"/>
    <object class="MarkerTrack" id="{27827c74-91c7-418c-987a-4ff09234cb27}"/>
    <object class="GroupTrack" id="{d98c98f4-202e-42fd-9366-88ac63d273f3}">
        <relationship name="modules">
            <destination>{e6a3dd5d-4212-4a29-b15a-aa3e58711871}</destination>
        </relationship>
        <relationship name="mixerGroup">
            <destination>{88722642-8f1f-45f0-9751-0eb17c41ad80}</destination>
        </relationship>
    </object>
    <object class="Timeline" id="{e98c82dc-26d1-4c4d-b4ed-6d3645d92606}">
        <relationship name="modules">
            <destination>{e6a3dd5d-4212-4a29-b15a-aa3e58711871}</destination>
        </relationship>
    </object>
    <object class="EventMixerMaster" id="{58764489-857e-46c3-b459-1c06d466ccc7}">
        <relationship name="effectChain">
            <destination>{968e6dd4-17cf-44d1-bf87-9808b98fc4da}</destination>
        </relationship>
        <relationship name="panner">
            <destination>{b906eb04-688c-4bd2-92e0-f370e4377700}</destination>
        </relationship>
        <relationship name="mixer">
            <destination>{c1ebb163-b4a1-4daf-bfdc-aff78ddb7855}</destination>
        </relationship>
    </object>
    <object class="MixerBusEffectChain" id="{43da1e46-e6cf-4b64-ac3a-56550af81206}">
        <relationship name="effects">
            <destination>{eb292afc-09b0-4597-afca-7e55f9443c85}</destination>
        </relationship>
    </object>
    <object class="MixerBusPanner" id="{32b43d41-0ef3-4e6d-9561-1aad24e80944}"/>
    <object class="SingleSound" id="{e6a3dd5d-4212-4a29-b15a-aa3e58711871}">
        <property name="length">
            <value>1.5735625</value>
        </property>
        <relationship name="modulators">
            <destination>{8f88a9f8-cf91-4e23-9da2-25f13277af08}</destination>
        </relationship>
        <relationship name="audioFile">
            <destination>{949e650f-3dfe-483f-b354-527d8ca9f29b}</destination>
        </relationship>
    </object>
    <object class="EventMixerGroup" id="{88722642-8f1f-45f0-9751-0eb17c41ad80}">
        <property name="name">
            <value>Audio 1</value>
        </property>
        <relationship name="effectChain">
            <destination>{991adbd6-ece9-4db8-92b0-f5fcbb9c243a}</destination>
        </relationship>
        <relationship name="panner">
            <destination>{231a3ece-17d7-45f5-a016-316782bf12ae}</destination>
        </relationship>
        <relationship name="output">
            <destination>{58764489-857e-46c3-b459-1c06d466ccc7}</destination>
        </relationship>
    </object>
    <object class="MixerBusEffectChain" id="{968e6dd4-17cf-44d1-bf87-9808b98fc4da}">
        <relationship name="effects">
            <destination>{d1c56400-464e-467f-8a78-fb836a37780b}</destination>
        </relationship>
    </object>
    <object class="MixerBusPanner" id="{b906eb04-688c-4bd2-92e0-f370e4377700}"/>
    <object class="MixerBusFader" id="{eb292afc-09b0-4597-afca-7e55f9443c85}"/>
    <object class="RandomizerModulator" id="{8f88a9f8-cf91-4e23-9da2-25f13277af08}">
        <property name="nameOfPropertyBeingModulated">
            <value>pitch</value>
        </property>
        <property name="amount">
            <value>19.5</value>
        </property>
    </object>
    <object class="MixerBusEffectChain" id="{991adbd6-ece9-4db8-92b0-f5fcbb9c243a}">
        <relationship name="effects">
            <destination>{44d0164a-e048-4a4c-aae8-8c6a506f9066}</destination>
        </relationship>
    </object>
    <object class="MixerBusPanner" id="{231a3ece-17d7-45f5-a016-316782bf12ae}"/>
    <object class="MixerBusFader" id="{d1c56400-464e-467f-8a78-fb836a37780b}"/>
    <object class="MixerBusFader" id="{44d0164a-e048-4a4c-aae8-8c6a506f9066}"/>
</objects>
