<?xml version="1.0" encoding="UTF-8"?>
<objects serializationModel="Studio.01.10.00">
    <object class="Event" id="{a1afc120-4b90-4e10-9e60-8d963b5f58c6}">
        <property name="name">
            <value>Blast_Core_Shatter</value>
        </property>
        <property name="outputFormat">
            <value>1</value>
        </property>
        <relationship name="folder">
            <destination>{7dfd58f0-aef8-4314-8673-6dd9d52850b8}</destination>
        </relationship>
        <relationship name="mixer">
            <destination>{5bf94908-d1a1-458a-b4c0-a3c7a233fc30}</destination>
        </relationship>
        <relationship name="masterTrack">
            <destination>{882d80f7-9c9b-4aa3-8db4-e8e54ea52554}</destination>
        </relationship>
        <relationship name="mixerInput">
            <destination>{644011a1-fb78-4519-afa2-9c98ae4f8cb2}</destination>
        </relationship>
        <relationship name="automatableProperties">
            <destination>{751d2c95-e646-434f-bbe7-0ed8054f9e43}</destination>
        </relationship>
        <relationship name="markerTracks">
            <destination>{858cb2e9-1c0b-4575-bcac-7b007e7eba5b}</destination>
        </relationship>
        <relationship name="groupTracks">
            <destination>{d2ca0fda-503c-4b2e-8fcd-2234b8cb0c9c}</destination>
        </relationship>
        <relationship name="timeline">
            <destination>{1b251c71-f856-4bac-b0cb-80fc3e341bcf}</destination>
        </relationship>
        <relationship name="banks">
            <destination>{6bef52a7-b520-4dea-a630-032a1fa14fa9}</destination>
        </relationship>
    </object>
    <object class="EventMixer" id="{5bf94908-d1a1-458a-b4c0-a3c7a233fc30}">
        <relationship name="masterBus">
            <destination>{24e2de8a-e75f-4871-a200-d25263012c09}</destination>
        </relationship>
    </object>
    <object class="MasterTrack" id="{882d80f7-9c9b-4aa3-8db4-e8e54ea52554}">
        <relationship name="mixerGroup">
            <destination>{24e2de8a-e75f-4871-a200-d25263012c09}</destination>
        </relationship>
    </object>
    <object class="MixerInput" id="{644011a1-fb78-4519-afa2-9c98ae4f8cb2}">
        <relationship name="effectChain">
            <destination>{dfe492c3-9d78-4a3b-9eb1-754090d7bfc7}</destination>
        </relationship>
        <relationship name="panner">
            <destination>{85abd0d4-df48-43f3-975f-0774afba2949}</destination>
        </relationship>
        <relationship name="output">
            <destination>{3ffe360f-a576-4351-9c54-f8f19b3e89af}</destination>
        </relationship>
    </object>
    <object class="EventAutomatableProperties" id="{751d2c95-e646-434f-bbe7-0ed8054f9e43}"/>
    <object class="MarkerTrack" id="{858cb2e9-1c0b-4575-bcac-7b007e7eba5b}"/>
    <object class="GroupTrack" id="{d2ca0fda-503c-4b2e-8fcd-2234b8cb0c9c}">
        <relationship name="modules">
            <destination>{a3165477-ac9e-401c-bc82-d2a30bd8ccab}</destination>
        </relationship>
        <relationship name="mixerGroup">
            <destination>{7d2c5691-a8b1-48f8-9391-d8ec28f87bf7}</destination>
        </relationship>
    </object>
    <object class="Timeline" id="{1b251c71-f856-4bac-b0cb-80fc3e341bcf}">
        <relationship name="modules">
            <destination>{a3165477-ac9e-401c-bc82-d2a30bd8ccab}</destination>
        </relationship>
    </object>
    <object class="EventMixerMaster" id="{24e2de8a-e75f-4871-a200-d25263012c09}">
        <relationship name="effectChain">
            <destination>{80cf3a6b-65fa-4bd2-9284-353bbe4a02df}</destination>
        </relationship>
        <relationship name="panner">
            <destination>{d95834cf-7844-435b-bf4e-3f15bd5552a7}</destination>
        </relationship>
        <relationship name="mixer">
            <destination>{5bf94908-d1a1-458a-b4c0-a3c7a233fc30}</destination>
        </relationship>
    </object>
    <object class="MixerBusEffectChain" id="{dfe492c3-9d78-4a3b-9eb1-754090d7bfc7}">
        <relationship name="effects">
            <destination>{2e17397d-3511-4170-a57d-94a13c56fd88}</destination>
        </relationship>
    </object>
    <object class="MixerBusPanner" id="{85abd0d4-df48-43f3-975f-0774afba2949}"/>
    <object class="SingleSound" id="{a3165477-ac9e-401c-bc82-d2a30bd8ccab}">
        <property name="length">
            <value>0.90660416666666666</value>
        </property>
        <property name="volume">
            <value>10</value>
        </property>
        <property name="pitch">
            <value>1.60000002</value>
        </property>
        <relationship name="modulators">
            <destination>{0297385a-1b6e-48f3-8d60-2ce850ac5a0e}</destination>
        </relationship>
        <relationship name="audioFile">
            <destination>{848c4266-0b17-4f22-a6bd-eaf0f96d95ed}</destination>
        </relationship>
    </object>
    <object class="EventMixerGroup" id="{7d2c5691-a8b1-48f8-9391-d8ec28f87bf7}">
        <property name="name">
            <value>Audio 1</value>
        </property>
        <relationship name="effectChain">
            <destination>{bc1735f7-3f0a-4367-9c63-3d0f3fa9bb42}</destination>
        </relationship>
        <relationship name="panner">
            <destination>{1401a2a5-4a8b-455a-8f77-30aa85b1a79c}</destination>
        </relationship>
        <relationship name="output">
            <destination>{24e2de8a-e75f-4871-a200-d25263012c09}</destination>
        </relationship>
    </object>
    <object class="MixerBusEffectChain" id="{80cf3a6b-65fa-4bd2-9284-353bbe4a02df}">
        <relationship name="effects">
            <destination>{0bc6ce7c-f308-48fd-8c9f-042fbbbe0755}</destination>
        </relationship>
    </object>
    <object class="MixerBusPanner" id="{d95834cf-7844-435b-bf4e-3f15bd5552a7}"/>
    <object class="MixerBusFader" id="{2e17397d-3511-4170-a57d-94a13c56fd88}"/>
    <object class="RandomizerModulator" id="{0297385a-1b6e-48f3-8d60-2ce850ac5a0e}">
        <property name="nameOfPropertyBeingModulated">
            <value>pitch</value>
        </property>
        <property name="amount">
            <value>6</value>
        </property>
    </object>
    <object class="MixerBusEffectChain" id="{bc1735f7-3f0a-4367-9c63-3d0f3fa9bb42}">
        <relationship name="effects">
            <destination>{5d436266-da8b-40a3-a451-734558c3c8fb}</destination>
        </relationship>
    </object>
    <object class="MixerBusPanner" id="{1401a2a5-4a8b-455a-8f77-30aa85b1a79c}"/>
    <object class="MixerBusFader" id="{0bc6ce7c-f308-48fd-8c9f-042fbbbe0755}"/>
    <object class="MixerBusFader" id="{5d436266-da8b-40a3-a451-734558c3c8fb}"/>
</objects>
