<?xml version="1.0" encoding="UTF-8"?>
<objects serializationModel="Studio.01.10.00">
    <object class="Event" id="{a4608a52-f390-4585-8ab1-dd135a49bc78}">
        <property name="name">
            <value>Walk</value>
        </property>
        <property name="outputFormat">
            <value>1</value>
        </property>
        <relationship name="folder">
            <destination>{7dfd58f0-aef8-4314-8673-6dd9d52850b8}</destination>
        </relationship>
        <relationship name="mixer">
            <destination>{4ad38fd5-36f6-400c-9b48-738a74b1296a}</destination>
        </relationship>
        <relationship name="masterTrack">
            <destination>{b48281f8-3f4d-46bc-8113-7402240d7a0c}</destination>
        </relationship>
        <relationship name="mixerInput">
            <destination>{ba242cfa-8e70-48db-95ee-200b18511400}</destination>
        </relationship>
        <relationship name="automatableProperties">
            <destination>{e18897b9-cdf9-4a9c-9775-5132fe95ee9d}</destination>
        </relationship>
        <relationship name="markerTracks">
            <destination>{0123d5bc-2762-4658-961f-2918da193676}</destination>
        </relationship>
        <relationship name="groupTracks">
            <destination>{f93e7d1d-9836-4b90-80b5-81a2d6f8affd}</destination>
        </relationship>
        <relationship name="timeline">
            <destination>{d7fd9ff0-1ee1-407d-b7f0-8142007bea8e}</destination>
        </relationship>
        <relationship name="banks">
            <destination>{6bef52a7-b520-4dea-a630-032a1fa14fa9}</destination>
        </relationship>
    </object>
    <object class="EventMixer" id="{4ad38fd5-36f6-400c-9b48-738a74b1296a}">
        <relationship name="masterBus">
            <destination>{f042d2a9-aba6-45ce-aad3-08f4f83538e3}</destination>
        </relationship>
    </object>
    <object class="MasterTrack" id="{b48281f8-3f4d-46bc-8113-7402240d7a0c}">
        <relationship name="mixerGroup">
            <destination>{f042d2a9-aba6-45ce-aad3-08f4f83538e3}</destination>
        </relationship>
    </object>
    <object class="MixerInput" id="{ba242cfa-8e70-48db-95ee-200b18511400}">
        <relationship name="effectChain">
            <destination>{efa084e7-8cd2-44d6-a423-922a35e24c52}</destination>
        </relationship>
        <relationship name="panner">
            <destination>{d69da34e-349b-4195-b0c4-e5290abd9b7f}</destination>
        </relationship>
        <relationship name="output">
            <destination>{3ffe360f-a576-4351-9c54-f8f19b3e89af}</destination>
        </relationship>
    </object>
    <object class="EventAutomatableProperties" id="{e18897b9-cdf9-4a9c-9775-5132fe95ee9d}"/>
    <object class="MarkerTrack" id="{0123d5bc-2762-4658-961f-2918da193676}"/>
    <object class="GroupTrack" id="{f93e7d1d-9836-4b90-80b5-81a2d6f8affd}">
        <relationship name="modules">
            <destination>{b9ba13de-2360-4d2d-86a8-c337ec0df37f}</destination>
        </relationship>
        <relationship name="mixerGroup">
            <destination>{a1f1a4bb-bc1e-4506-9651-faf54db322cc}</destination>
        </relationship>
    </object>
    <object class="Timeline" id="{d7fd9ff0-1ee1-407d-b7f0-8142007bea8e}">
        <relationship name="modules">
            <destination>{b9ba13de-2360-4d2d-86a8-c337ec0df37f}</destination>
        </relationship>
        <relationship name="markers">
            <destination>{7aa0817a-7ffa-4f5e-9dfa-ec6ca4094ff7}</destination>
        </relationship>
    </object>
    <object class="EventMixerMaster" id="{f042d2a9-aba6-45ce-aad3-08f4f83538e3}">
        <relationship name="effectChain">
            <destination>{bb891629-5957-4887-b966-126447b0b1f5}</destination>
        </relationship>
        <relationship name="panner">
            <destination>{338dd026-23fc-47a3-9dbd-a758e3829f53}</destination>
        </relationship>
        <relationship name="mixer">
            <destination>{4ad38fd5-36f6-400c-9b48-738a74b1296a}</destination>
        </relationship>
    </object>
    <object class="MixerBusEffectChain" id="{efa084e7-8cd2-44d6-a423-922a35e24c52}">
        <relationship name="effects">
            <destination>{573786b8-bbaa-4946-b767-44e8b00328b0}</destination>
        </relationship>
    </object>
    <object class="MixerBusPanner" id="{d69da34e-349b-4195-b0c4-e5290abd9b7f}"/>
    <object class="SingleSound" id="{b9ba13de-2360-4d2d-86a8-c337ec0df37f}">
        <property name="length">
            <value>0.24095833333333333</value>
        </property>
        <property name="volume">
            <value>-2</value>
        </property>
        <property name="pitch">
            <value>1.20000005</value>
        </property>
        <relationship name="modulators">
            <destination>{ab725f8f-d005-49b0-956a-530f9de13f89}</destination>
        </relationship>
        <relationship name="audioFile">
            <destination>{5218f5f9-5e6f-46f0-b0d0-be48270368b3}</destination>
        </relationship>
    </object>
    <object class="EventMixerGroup" id="{a1f1a4bb-bc1e-4506-9651-faf54db322cc}">
        <property name="volume">
            <value>-5</value>
        </property>
        <property name="name">
            <value>Audio 1</value>
        </property>
        <relationship name="effectChain">
            <destination>{c84a2e57-690e-4471-b54a-b65730e83f2c}</destination>
        </relationship>
        <relationship name="panner">
            <destination>{61a2d70b-5e6c-453b-b2fc-afa40d5e6393}</destination>
        </relationship>
        <relationship name="output">
            <destination>{f042d2a9-aba6-45ce-aad3-08f4f83538e3}</destination>
        </relationship>
    </object>
    <object class="LoopRegion" id="{7aa0817a-7ffa-4f5e-9dfa-ec6ca4094ff7}">
        <property name="position">
            <value>0</value>
        </property>
        <property name="length">
            <value>0.38</value>
        </property>
        <relationship name="timeline">
            <destination>{d7fd9ff0-1ee1-407d-b7f0-8142007bea8e}</destination>
        </relationship>
        <relationship name="markerTrack">
            <destination>{0123d5bc-2762-4658-961f-2918da193676}</destination>
        </relationship>
    </object>
    <object class="MixerBusEffectChain" id="{bb891629-5957-4887-b966-126447b0b1f5}">
        <relationship name="effects">
            <destination>{32923c6c-2166-4363-8142-a11f4991564f}</destination>
        </relationship>
    </object>
    <object class="MixerBusPanner" id="{338dd026-23fc-47a3-9dbd-a758e3829f53}"/>
    <object class="MixerBusFader" id="{573786b8-bbaa-4946-b767-44e8b00328b0}"/>
    <object class="RandomizerModulator" id="{ab725f8f-d005-49b0-956a-530f9de13f89}">
        <property name="nameOfPropertyBeingModulated">
            <value>pitch</value>
        </property>
        <property name="amount">
            <value>11</value>
        </property>
    </object>
    <object class="MixerBusEffectChain" id="{c84a2e57-690e-4471-b54a-b65730e83f2c}">
        <relationship name="effects">
            <destination>{5da16b3f-5e71-4e63-9154-ac0c2ae94194}</destination>
            <destination>{a63d4b20-9c97-40b9-a888-ecc998f2fab8}</destination>
        </relationship>
    </object>
    <object class="MixerBusPanner" id="{61a2d70b-5e6c-453b-b2fc-afa40d5e6393}"/>
    <object class="MixerBusFader" id="{32923c6c-2166-4363-8142-a11f4991564f}"/>
    <object class="MixerBusFader" id="{5da16b3f-5e71-4e63-9154-ac0c2ae94194}"/>
    <object class="SFXReverbEffect" id="{a63d4b20-9c97-40b9-a888-ecc998f2fab8}">
        <property name="decayTime">
            <value>850</value>
        </property>
        <property name="HFDecayRatio">
            <value>41</value>
        </property>
        <property name="lowShelfGain">
            <value>-20</value>
        </property>
        <property name="highCut">
            <value>1150</value>
        </property>
        <property name="wetLevel">
            <value>-26.5</value>
        </property>
    </object>
</objects>
