<?xml version="1.0" encoding="UTF-8"?>
<objects serializationModel="Studio.01.10.00">
    <object class="Event" id="{c7a9e45e-f967-42c3-b19b-0cc45ab2e0e9}">
        <property name="name">
            <value>Possess_dash</value>
        </property>
        <property name="outputFormat">
            <value>1</value>
        </property>
        <relationship name="folder">
            <destination>{7dfd58f0-aef8-4314-8673-6dd9d52850b8}</destination>
        </relationship>
        <relationship name="mixer">
            <destination>{cf52f62a-29f3-4b86-8470-1c6dd007ebac}</destination>
        </relationship>
        <relationship name="masterTrack">
            <destination>{5f746b20-9794-4d4c-8b31-1047052666d2}</destination>
        </relationship>
        <relationship name="mixerInput">
            <destination>{8ab8375d-cb90-44aa-9140-f434d5d173da}</destination>
        </relationship>
        <relationship name="automatableProperties">
            <destination>{0bcdcc02-2db7-419a-a9c5-896914062914}</destination>
        </relationship>
        <relationship name="markerTracks">
            <destination>{3caacfcd-9be6-4be7-872e-9392d0467d32}</destination>
        </relationship>
        <relationship name="groupTracks">
            <destination>{e1ed26f5-9bbc-49ea-af95-cd2316b37d87}</destination>
        </relationship>
        <relationship name="timeline">
            <destination>{2daf5b62-b592-482b-84b7-f15d423e0dcd}</destination>
        </relationship>
        <relationship name="banks">
            <destination>{6bef52a7-b520-4dea-a630-032a1fa14fa9}</destination>
        </relationship>
    </object>
    <object class="EventMixer" id="{cf52f62a-29f3-4b86-8470-1c6dd007ebac}">
        <relationship name="masterBus">
            <destination>{97890d9a-865a-4a35-aeab-b447a8e65681}</destination>
        </relationship>
    </object>
    <object class="MasterTrack" id="{5f746b20-9794-4d4c-8b31-1047052666d2}">
        <relationship name="mixerGroup">
            <destination>{97890d9a-865a-4a35-aeab-b447a8e65681}</destination>
        </relationship>
    </object>
    <object class="MixerInput" id="{8ab8375d-cb90-44aa-9140-f434d5d173da}">
        <relationship name="effectChain">
            <destination>{adce49a2-1094-49d5-90d8-afda5bab1f37}</destination>
        </relationship>
        <relationship name="panner">
            <destination>{f6ca7a43-b051-4b78-99b1-eb80447721bc}</destination>
        </relationship>
        <relationship name="output">
            <destination>{3ffe360f-a576-4351-9c54-f8f19b3e89af}</destination>
        </relationship>
    </object>
    <object class="EventAutomatableProperties" id="{0bcdcc02-2db7-419a-a9c5-896914062914}"/>
    <object class="MarkerTrack" id="{3caacfcd-9be6-4be7-872e-9392d0467d32}"/>
    <object class="GroupTrack" id="{e1ed26f5-9bbc-49ea-af95-cd2316b37d87}">
        <relationship name="modules">
            <destination>{9ca943f1-153b-4ab0-b80a-2625931f05ea}</destination>
        </relationship>
        <relationship name="mixerGroup">
            <destination>{6c045ca4-ed68-4588-b052-251cde35553c}</destination>
        </relationship>
    </object>
    <object class="Timeline" id="{2daf5b62-b592-482b-84b7-f15d423e0dcd}">
        <relationship name="modules">
            <destination>{9ca943f1-153b-4ab0-b80a-2625931f05ea}</destination>
        </relationship>
    </object>
    <object class="EventMixerMaster" id="{97890d9a-865a-4a35-aeab-b447a8e65681}">
        <relationship name="effectChain">
            <destination>{2c53cc70-d761-43b8-a193-63b7e87dab83}</destination>
        </relationship>
        <relationship name="panner">
            <destination>{fb77c472-9792-42f4-a02a-572e1d49a98c}</destination>
        </relationship>
        <relationship name="mixer">
            <destination>{cf52f62a-29f3-4b86-8470-1c6dd007ebac}</destination>
        </relationship>
    </object>
    <object class="MixerBusEffectChain" id="{adce49a2-1094-49d5-90d8-afda5bab1f37}">
        <relationship name="effects">
            <destination>{bfe71bee-372c-4df3-b138-6eae7cea3828}</destination>
        </relationship>
    </object>
    <object class="MixerBusPanner" id="{f6ca7a43-b051-4b78-99b1-eb80447721bc}"/>
    <object class="SingleSound" id="{9ca943f1-153b-4ab0-b80a-2625931f05ea}">
        <property name="length">
            <value>1.5</value>
        </property>
        <property name="volume">
            <value>10</value>
        </property>
        <relationship name="modulators">
            <destination>{4c799b3d-7a78-4705-80d5-45ccb9d72f09}</destination>
        </relationship>
        <relationship name="audioFile">
            <destination>{c525c079-daef-4208-98ca-6d2c5ea9b917}</destination>
        </relationship>
    </object>
    <object class="EventMixerGroup" id="{6c045ca4-ed68-4588-b052-251cde35553c}">
        <property name="name">
            <value>Audio 1</value>
        </property>
        <relationship name="effectChain">
            <destination>{651632a4-380c-41bf-bb9f-ae9b571b4a85}</destination>
        </relationship>
        <relationship name="panner">
            <destination>{39dedfb3-46cf-4c5b-a315-c7f94ee8eaa1}</destination>
        </relationship>
        <relationship name="output">
            <destination>{97890d9a-865a-4a35-aeab-b447a8e65681}</destination>
        </relationship>
    </object>
    <object class="MixerBusEffectChain" id="{2c53cc70-d761-43b8-a193-63b7e87dab83}">
        <relationship name="effects">
            <destination>{10ac5d63-c4b7-4ed6-af93-6431e113ac92}</destination>
        </relationship>
    </object>
    <object class="MixerBusPanner" id="{fb77c472-9792-42f4-a02a-572e1d49a98c}"/>
    <object class="MixerBusFader" id="{bfe71bee-372c-4df3-b138-6eae7cea3828}"/>
    <object class="RandomizerModulator" id="{4c799b3d-7a78-4705-80d5-45ccb9d72f09}">
        <property name="nameOfPropertyBeingModulated">
            <value>pitch</value>
        </property>
        <property name="amount">
            <value>15</value>
        </property>
    </object>
    <object class="MixerBusEffectChain" id="{651632a4-380c-41bf-bb9f-ae9b571b4a85}">
        <relationship name="effects">
            <destination>{b6ddd0ae-c773-4fcf-b49b-58338b5c1b74}</destination>
        </relationship>
    </object>
    <object class="MixerBusPanner" id="{39dedfb3-46cf-4c5b-a315-c7f94ee8eaa1}"/>
    <object class="MixerBusFader" id="{10ac5d63-c4b7-4ed6-af93-6431e113ac92}"/>
    <object class="MixerBusFader" id="{b6ddd0ae-c773-4fcf-b49b-58338b5c1b74}"/>
</objects>
