<?xml version="1.0" encoding="UTF-8"?>
<objects serializationModel="Studio.01.10.00">
    <object class="Event" id="{c868c267-e85d-4ff5-853a-0ee0f9c6c50b}">
        <property name="name">
            <value>Boost_Zone</value>
        </property>
        <property name="outputFormat">
            <value>1</value>
        </property>
        <relationship name="folder">
            <destination>{7dfd58f0-aef8-4314-8673-6dd9d52850b8}</destination>
        </relationship>
        <relationship name="mixer">
            <destination>{4b06dc49-4ec5-4d4b-8a5c-797f145b9e05}</destination>
        </relationship>
        <relationship name="masterTrack">
            <destination>{8c2dd261-01a3-42d7-b20f-f5b0c84d6d2c}</destination>
        </relationship>
        <relationship name="mixerInput">
            <destination>{384d72a0-a7c8-4661-87dc-71748a28fe16}</destination>
        </relationship>
        <relationship name="automatableProperties">
            <destination>{d20c52c8-c629-43f0-9831-6f048592e2e6}</destination>
        </relationship>
        <relationship name="markerTracks">
            <destination>{ec06a850-6065-46c3-a6a1-9cc778d64566}</destination>
        </relationship>
        <relationship name="groupTracks">
            <destination>{78b8adda-c644-4651-a08a-f0ca9cdc8366}</destination>
        </relationship>
        <relationship name="timeline">
            <destination>{554e6a2c-4231-4f72-8147-7066b9ed2a6e}</destination>
        </relationship>
        <relationship name="banks">
            <destination>{6bef52a7-b520-4dea-a630-032a1fa14fa9}</destination>
        </relationship>
    </object>
    <object class="EventMixer" id="{4b06dc49-4ec5-4d4b-8a5c-797f145b9e05}">
        <relationship name="masterBus">
            <destination>{a276aa21-d554-4902-8cea-646d6d2ca070}</destination>
        </relationship>
    </object>
    <object class="MasterTrack" id="{8c2dd261-01a3-42d7-b20f-f5b0c84d6d2c}">
        <relationship name="mixerGroup">
            <destination>{a276aa21-d554-4902-8cea-646d6d2ca070}</destination>
        </relationship>
    </object>
    <object class="MixerInput" id="{384d72a0-a7c8-4661-87dc-71748a28fe16}">
        <relationship name="effectChain">
            <destination>{8ea3da59-d1fd-432e-908a-c9a279257086}</destination>
        </relationship>
        <relationship name="panner">
            <destination>{09124705-9a63-4033-a159-f3562318d492}</destination>
        </relationship>
        <relationship name="output">
            <destination>{3ffe360f-a576-4351-9c54-f8f19b3e89af}</destination>
        </relationship>
    </object>
    <object class="EventAutomatableProperties" id="{d20c52c8-c629-43f0-9831-6f048592e2e6}"/>
    <object class="MarkerTrack" id="{ec06a850-6065-46c3-a6a1-9cc778d64566}"/>
    <object class="GroupTrack" id="{78b8adda-c644-4651-a08a-f0ca9cdc8366}">
        <relationship name="modules">
            <destination>{80db8d7c-f386-4e5f-811c-eaa6d89e9856}</destination>
        </relationship>
        <relationship name="mixerGroup">
            <destination>{62eb1fcb-e019-4a65-b63e-8a907b1da8c8}</destination>
        </relationship>
    </object>
    <object class="Timeline" id="{554e6a2c-4231-4f72-8147-7066b9ed2a6e}">
        <relationship name="modules">
            <destination>{80db8d7c-f386-4e5f-811c-eaa6d89e9856}</destination>
        </relationship>
    </object>
    <object class="EventMixerMaster" id="{a276aa21-d554-4902-8cea-646d6d2ca070}">
        <relationship name="effectChain">
            <destination>{628695ee-efba-4203-847b-c0566641b6ea}</destination>
        </relationship>
        <relationship name="panner">
            <destination>{e18ebd43-726d-4c0d-87e2-7d3e29ff79a5}</destination>
        </relationship>
        <relationship name="mixer">
            <destination>{4b06dc49-4ec5-4d4b-8a5c-797f145b9e05}</destination>
        </relationship>
    </object>
    <object class="MixerBusEffectChain" id="{8ea3da59-d1fd-432e-908a-c9a279257086}">
        <relationship name="effects">
            <destination>{bb72b63f-1f98-4847-a6af-fd079122f1bb}</destination>
        </relationship>
    </object>
    <object class="MixerBusPanner" id="{09124705-9a63-4033-a159-f3562318d492}"/>
    <object class="SingleSound" id="{80db8d7c-f386-4e5f-811c-eaa6d89e9856}">
        <property name="length">
            <value>0.98070833333333329</value>
        </property>
        <relationship name="modulators">
            <destination>{0989a325-82d9-4bd7-a691-6a9c56c1a067}</destination>
        </relationship>
        <relationship name="audioFile">
            <destination>{f5a9f90d-a625-470e-aa16-0eb15b4c67eb}</destination>
        </relationship>
    </object>
    <object class="EventMixerGroup" id="{62eb1fcb-e019-4a65-b63e-8a907b1da8c8}">
        <property name="name">
            <value>Audio 1</value>
        </property>
        <relationship name="effectChain">
            <destination>{3bbe252b-3904-4744-8477-7e5de0bb4cc8}</destination>
        </relationship>
        <relationship name="panner">
            <destination>{e855ed84-cacf-4c75-ac27-2804ee27557b}</destination>
        </relationship>
        <relationship name="output">
            <destination>{a276aa21-d554-4902-8cea-646d6d2ca070}</destination>
        </relationship>
    </object>
    <object class="MixerBusEffectChain" id="{628695ee-efba-4203-847b-c0566641b6ea}">
        <relationship name="effects">
            <destination>{1386309c-ee70-40c6-86f5-db237a03a706}</destination>
        </relationship>
    </object>
    <object class="MixerBusPanner" id="{e18ebd43-726d-4c0d-87e2-7d3e29ff79a5}"/>
    <object class="MixerBusFader" id="{bb72b63f-1f98-4847-a6af-fd079122f1bb}"/>
    <object class="RandomizerModulator" id="{0989a325-82d9-4bd7-a691-6a9c56c1a067}">
        <property name="nameOfPropertyBeingModulated">
            <value>pitch</value>
        </property>
        <property name="amount">
            <value>9</value>
        </property>
    </object>
    <object class="MixerBusEffectChain" id="{3bbe252b-3904-4744-8477-7e5de0bb4cc8}">
        <relationship name="effects">
            <destination>{93166a79-91cf-4927-96c4-9ffe699ae5e2}</destination>
        </relationship>
    </object>
    <object class="MixerBusPanner" id="{e855ed84-cacf-4c75-ac27-2804ee27557b}"/>
    <object class="MixerBusFader" id="{1386309c-ee70-40c6-86f5-db237a03a706}"/>
    <object class="MixerBusFader" id="{93166a79-91cf-4927-96c4-9ffe699ae5e2}"/>
</objects>
