<?xml version="1.0" encoding="UTF-8"?>
<objects serializationModel="Studio.01.10.00">
    <object class="Event" id="{cb3dc42b-7ac9-4ec3-b8e6-f6751c23bae0}">
        <property name="name">
            <value>Moving Core_move</value>
        </property>
        <property name="outputFormat">
            <value>1</value>
        </property>
        <relationship name="folder">
            <destination>{7dfd58f0-aef8-4314-8673-6dd9d52850b8}</destination>
        </relationship>
        <relationship name="mixer">
            <destination>{7da27bb2-749c-4918-b557-ba6afe3e539e}</destination>
        </relationship>
        <relationship name="masterTrack">
            <destination>{8920baa7-da77-48d9-9880-a36efa7d4cbd}</destination>
        </relationship>
        <relationship name="mixerInput">
            <destination>{3b25e9e9-5d13-4f8c-b642-d1a4b614c59a}</destination>
        </relationship>
        <relationship name="automatableProperties">
            <destination>{2ad08ac2-d4fd-4b86-8409-85ef005e660a}</destination>
        </relationship>
        <relationship name="markerTracks">
            <destination>{1c6a8855-e1c5-4ed5-b353-a374955ca18c}</destination>
        </relationship>
        <relationship name="groupTracks">
            <destination>{c381cd6c-4aab-48eb-9e85-6356d3cbaf07}</destination>
        </relationship>
        <relationship name="timeline">
            <destination>{6f096a4e-be01-4732-93f7-da3900649b32}</destination>
        </relationship>
        <relationship name="banks">
            <destination>{6bef52a7-b520-4dea-a630-032a1fa14fa9}</destination>
        </relationship>
    </object>
    <object class="EventMixer" id="{7da27bb2-749c-4918-b557-ba6afe3e539e}">
        <relationship name="masterBus">
            <destination>{8e3e07bd-0fc4-4e1f-a4e9-453a28d664be}</destination>
        </relationship>
    </object>
    <object class="MasterTrack" id="{8920baa7-da77-48d9-9880-a36efa7d4cbd}">
        <relationship name="mixerGroup">
            <destination>{8e3e07bd-0fc4-4e1f-a4e9-453a28d664be}</destination>
        </relationship>
    </object>
    <object class="MixerInput" id="{3b25e9e9-5d13-4f8c-b642-d1a4b614c59a}">
        <relationship name="effectChain">
            <destination>{043df7a7-be76-491f-a04d-2c4d78b11eae}</destination>
        </relationship>
        <relationship name="panner">
            <destination>{b8c87474-f08e-47c6-a61c-1ca140d04ae8}</destination>
        </relationship>
        <relationship name="output">
            <destination>{3ffe360f-a576-4351-9c54-f8f19b3e89af}</destination>
        </relationship>
    </object>
    <object class="EventAutomatableProperties" id="{2ad08ac2-d4fd-4b86-8409-85ef005e660a}"/>
    <object class="MarkerTrack" id="{1c6a8855-e1c5-4ed5-b353-a374955ca18c}"/>
    <object class="GroupTrack" id="{c381cd6c-4aab-48eb-9e85-6356d3cbaf07}">
        <relationship name="modules">
            <destination>{a9e3ebc4-d9cc-4c5f-8073-e40f97310c8a}</destination>
        </relationship>
        <relationship name="mixerGroup">
            <destination>{af9410aa-2f45-4bf4-82cc-769fd103000a}</destination>
        </relationship>
    </object>
    <object class="Timeline" id="{6f096a4e-be01-4732-93f7-da3900649b32}">
        <relationship name="modules">
            <destination>{a9e3ebc4-d9cc-4c5f-8073-e40f97310c8a}</destination>
        </relationship>
        <relationship name="markers">
            <destination>{7f8c8ab1-ce34-4505-9211-a5ec51e2e2d4}</destination>
        </relationship>
    </object>
    <object class="EventMixerMaster" id="{8e3e07bd-0fc4-4e1f-a4e9-453a28d664be}">
        <relationship name="effectChain">
            <destination>{4bf64fd5-6bc9-4dc2-9f94-cc798d524d23}</destination>
        </relationship>
        <relationship name="panner">
            <destination>{8a7ec3d5-1a36-430c-a71b-6bd3abdb7b0d}</destination>
        </relationship>
        <relationship name="mixer">
            <destination>{7da27bb2-749c-4918-b557-ba6afe3e539e}</destination>
        </relationship>
    </object>
    <object class="MixerBusEffectChain" id="{043df7a7-be76-491f-a04d-2c4d78b11eae}">
        <relationship name="effects">
            <destination>{20c319f0-4639-4cbb-9a07-fc46db35cfc3}</destination>
        </relationship>
    </object>
    <object class="MixerBusPanner" id="{b8c87474-f08e-47c6-a61c-1ca140d04ae8}"/>
    <object class="SingleSound" id="{a9e3ebc4-d9cc-4c5f-8073-e40f97310c8a}">
        <property name="length">
            <value>10.7385</value>
        </property>
        <relationship name="modulators">
            <destination>{e78f4961-eb90-4670-a103-7caf8681c73f}</destination>
        </relationship>
        <relationship name="audioFile">
            <destination>{37f03fa4-57ce-413c-b897-9b801c95cc64}</destination>
        </relationship>
    </object>
    <object class="EventMixerGroup" id="{af9410aa-2f45-4bf4-82cc-769fd103000a}">
        <property name="volume">
            <value>3.5</value>
        </property>
        <property name="name">
            <value>Audio 1</value>
        </property>
        <relationship name="effectChain">
            <destination>{28f6e7c3-44db-42be-9b15-8130cc4de2c5}</destination>
        </relationship>
        <relationship name="panner">
            <destination>{719f9bac-c613-461d-a6d5-66a1186541b7}</destination>
        </relationship>
        <relationship name="output">
            <destination>{8e3e07bd-0fc4-4e1f-a4e9-453a28d664be}</destination>
        </relationship>
    </object>
    <object class="LoopRegion" id="{7f8c8ab1-ce34-4505-9211-a5ec51e2e2d4}">
        <property name="position">
            <value>0</value>
        </property>
        <property name="length">
            <value>10.7385</value>
        </property>
        <relationship name="timeline">
            <destination>{6f096a4e-be01-4732-93f7-da3900649b32}</destination>
        </relationship>
        <relationship name="markerTrack">
            <destination>{1c6a8855-e1c5-4ed5-b353-a374955ca18c}</destination>
        </relationship>
    </object>
    <object class="MixerBusEffectChain" id="{4bf64fd5-6bc9-4dc2-9f94-cc798d524d23}">
        <relationship name="effects">
            <destination>{72246ac5-0bbf-4078-b03a-48943f7e8bdd}</destination>
        </relationship>
    </object>
    <object class="MixerBusPanner" id="{8a7ec3d5-1a36-430c-a71b-6bd3abdb7b0d}"/>
    <object class="MixerBusFader" id="{20c319f0-4639-4cbb-9a07-fc46db35cfc3}"/>
    <object class="RandomizerModulator" id="{e78f4961-eb90-4670-a103-7caf8681c73f}">
        <property name="nameOfPropertyBeingModulated">
            <value>pitch</value>
        </property>
        <property name="amount">
            <value>8.5</value>
        </property>
    </object>
    <object class="MixerBusEffectChain" id="{28f6e7c3-44db-42be-9b15-8130cc4de2c5}">
        <relationship name="effects">
            <destination>{71e093e2-3705-478c-b440-75d619ae0ba5}</destination>
        </relationship>
    </object>
    <object class="MixerBusPanner" id="{719f9bac-c613-461d-a6d5-66a1186541b7}"/>
    <object class="MixerBusFader" id="{72246ac5-0bbf-4078-b03a-48943f7e8bdd}"/>
    <object class="MixerBusFader" id="{71e093e2-3705-478c-b440-75d619ae0ba5}"/>
</objects>
