<?xml version="1.0" encoding="UTF-8"?>
<objects serializationModel="Studio.01.10.00">
    <object class="MixerReturn" id="{1a0f55f7-fcb5-4039-83c8-05fcd932cd7f}">
        <property name="overridingInputFormat">
            <value>2</value>
        </property>
        <property name="inputFormatOverridden">
            <value>true</value>
        </property>
        <property name="name">
            <value>Reverb</value>
        </property>
        <relationship name="effectChain">
            <destination>{3f57ea1d-86f3-4e77-ae81-bb303dd4e916}</destination>
        </relationship>
        <relationship name="panner">
            <destination>{f540d996-1e36-4005-b77e-6fa81e22b0ec}</destination>
        </relationship>
        <relationship name="output">
            <destination>{3ffe360f-a576-4351-9c54-f8f19b3e89af}</destination>
        </relationship>
    </object>
    <object class="MixerBusEffectChain" id="{3f57ea1d-86f3-4e77-ae81-bb303dd4e916}">
        <relationship name="effects">
            <destination>{9bc52f3d-6c1f-456e-9af5-51dca650ffc0}</destination>
            <destination>{b6f63d46-c662-409a-92c0-69c6fc4a4150}</destination>
        </relationship>
    </object>
    <object class="MixerBusPanner" id="{f540d996-1e36-4005-b77e-6fa81e22b0ec}"/>
    <object class="SFXReverbEffect" id="{9bc52f3d-6c1f-456e-9af5-51dca650ffc0}">
        <property name="wetLevel">
            <value>0</value>
        </property>
        <property name="dryLevel">
            <value>-80</value>
        </property>
    </object>
    <object class="MixerBusFader" id="{b6f63d46-c662-409a-92c0-69c6fc4a4150}"/>
</objects>
