<?xml version="1.0" encoding="UTF-8"?>
<objects serializationModel="Studio.01.10.00">
    <object class="MixerMaster" id="{3ffe360f-a576-4351-9c54-f8f19b3e89af}">
        <property name="name">
            <value>Master Bus</value>
        </property>
        <relationship name="effectChain">
            <destination>{1c30c053-9ceb-410f-bdba-692504e2903f}</destination>
        </relationship>
        <relationship name="panner">
            <destination>{ddbbd382-4b0d-4508-b618-e995c3b93153}</destination>
        </relationship>
        <relationship name="mixer">
            <destination>{f60150b8-408b-4c02-b2f1-407c26f204b2}</destination>
        </relationship>
    </object>
    <object class="MixerBusEffectChain" id="{1c30c053-9ceb-410f-bdba-692504e2903f}">
        <relationship name="effects">
            <destination>{daea3c9d-bf10-4bb8-9ccc-954189610cee}</destination>
        </relationship>
    </object>
    <object class="MixerBusPanner" id="{ddbbd382-4b0d-4508-b618-e995c3b93153}">
        <property name="overridingOutputFormat">
            <value>2</value>
        </property>
        <property name="outputFormatOverridden">
            <value>true</value>
        </property>
    </object>
    <object class="MixerBusFader" id="{daea3c9d-bf10-4bb8-9ccc-954189610cee}"/>
</objects>
