<?xml version="1.0" encoding="UTF-8"?>
<objects serializationModel="Studio.01.10.00">
    <object class="Workspace" id="{94eb6f8f-521d-46f2-aa9b-5faec539c8aa}">
        <relationship name="masterEventFolder">
            <destination>{7dfd58f0-aef8-4314-8673-6dd9d52850b8}</destination>
        </relationship>
        <relationship name="masterTagFolder">
            <destination>{f7a42021-e85c-45c4-a2b0-fcba58ae8510}</destination>
        </relationship>
        <relationship name="masterEffectPresetFolder">
            <destination>{da0f295e-2829-4151-90bd-d7cf2355b282}</destination>
        </relationship>
        <relationship name="masterParameterPresetFolder">
            <destination>{3822d32e-b0c3-46d0-bc83-464d53ebc1d6}</destination>
        </relationship>
        <relationship name="masterBankFolder">
            <destination>{c24faccd-67e1-4dcb-bae7-b8c1817ce666}</destination>
        </relationship>
        <relationship name="masterAssetFolder">
            <destination>{1cc2a44d-c670-4916-9957-5a1a601a0e20}</destination>
        </relationship>
        <relationship name="mixer">
            <destination>{f60150b8-408b-4c02-b2f1-407c26f204b2}</destination>
        </relationship>
        <relationship name="platforms">
            <destination>{79f5306b-a09e-477b-96b1-8ace6545cab2}</destination>
        </relationship>
    </object>
</objects>
