<?xml version="1.0" encoding="UTF-8"?>
<objects serializationModel="Studio.01.10.00">
    <object class="Workspace" id="{94eb6f8f-521d-46f2-aa9b-5faec539c8aa}">
        <relationship name="projectSettings">
            <destination>{9e67171d-44bf-446b-9417-d7e5d2ba5147}</destination>
        </relationship>
        <relationship name="changelist">
            <destination>{4952c0fa-3c54-4d03-846e-7b6c6e202a9b}</destination>
        </relationship>
        <relationship name="profilerSessionFolder">
            <destination>{f84597fe-10ae-4056-a4f2-8b9544ca3c49}</destination>
        </relationship>
    </object>
    <object class="ProjectSettings" id="{9e67171d-44bf-446b-9417-d7e5d2ba5147}">
        <relationship name="activePlatform">
            <destination>{79f5306b-a09e-477b-96b1-8ace6545cab2}</destination>
        </relationship>
    </object>
    <object class="WorkspaceChangelist" id="{4952c0fa-3c54-4d03-846e-7b6c6e202a9b}"/>
</objects>
