<?xml version="1.0" encoding="UTF-8"?>
<objects serializationModel="Studio.01.10.00">
    <object class="EncodingSetting" id="{4881a69b-29b6-405f-aa0b-7886c89025d7}">
        <property name="encodingFormat">
            <value>3</value>
        </property>
        <property name="quality">
            <value>37</value>
        </property>
        <relationship name="platform">
            <destination>{79f5306b-a09e-477b-96b1-8ace6545cab2}</destination>
        </relationship>
        <relationship name="encodable">
            <destination>{79f5306b-a09e-477b-96b1-8ace6545cab2}</destination>
        </relationship>
    </object>
</objects>
