<?xml version="1.0" encoding="UTF-8"?>
<objects serializationModel="Studio.01.10.00">
    <object class="AudioFile" id="{0cdb8ec8-1c3a-4f90-9615-6314657be3cb}">
        <property name="assetPath">
            <value>Wall_Jump_left.ogg</value>
        </property>
        <property name="frequencyInKHz">
            <value>48</value>
        </property>
        <property name="channelCount">
            <value>2</value>
        </property>
        <property name="length">
            <value>0.21929166666666666</value>
        </property>
        <relationship name="masterAssetFolder">
            <destination>{1cc2a44d-c670-4916-9957-5a1a601a0e20}</destination>
        </relationship>
    </object>
</objects>
