<?xml version="1.0" encoding="UTF-8"?>
<objects serializationModel="Studio.01.10.00">
    <object class="AudioFile" id="{182bd0ef-69a0-4937-bba6-c8f4073dbe2b}">
        <property name="assetPath">
            <value>door_exit.ogg</value>
        </property>
        <property name="frequencyInKHz">
            <value>48</value>
        </property>
        <property name="channelCount">
            <value>2</value>
        </property>
        <property name="length">
            <value>2.2742916666666666</value>
        </property>
        <relationship name="masterAssetFolder">
            <destination>{1cc2a44d-c670-4916-9957-5a1a601a0e20}</destination>
        </relationship>
    </object>
</objects>
