<?xml version="1.0" encoding="UTF-8"?>
<objects serializationModel="Studio.01.10.00">
    <object class="AudioFile" id="{5218f5f9-5e6f-46f0-b0d0-be48270368b3}">
        <property name="assetPath">
            <value>walkcycle.ogg</value>
        </property>
        <property name="frequencyInKHz">
            <value>48</value>
        </property>
        <property name="channelCount">
            <value>2</value>
        </property>
        <property name="length">
            <value>0.24095833333333333</value>
        </property>
        <relationship name="masterAssetFolder">
            <destination>{1cc2a44d-c670-4916-9957-5a1a601a0e20}</destination>
        </relationship>
    </object>
</objects>
