<?xml version="1.0" encoding="UTF-8"?>
<objects serializationModel="Studio.01.10.00">
    <object class="AudioFile" id="{b668cf22-88b8-43f9-aca9-6e83efdda48f}">
        <property name="assetPath">
            <value>Death.ogg</value>
        </property>
        <property name="frequencyInKHz">
            <value>48</value>
        </property>
        <property name="channelCount">
            <value>2</value>
        </property>
        <property name="length">
            <value>4.5621041666666668</value>
        </property>
        <relationship name="masterAssetFolder">
            <destination>{1cc2a44d-c670-4916-9957-5a1a601a0e20}</destination>
        </relationship>
    </object>
</objects>
