<?xml version="1.0" encoding="UTF-8"?>
<objects serializationModel="Studio.01.10.00">
    <object class="AudioFile" id="{c1154549-7e8a-4863-b565-f55e45127c11}">
        <property name="assetPath">
            <value>Slow_down.ogg</value>
        </property>
        <property name="frequencyInKHz">
            <value>48</value>
        </property>
        <property name="channelCount">
            <value>2</value>
        </property>
        <property name="length">
            <value>1.9990416666666666</value>
        </property>
        <relationship name="masterAssetFolder">
            <destination>{1cc2a44d-c670-4916-9957-5a1a601a0e20}</destination>
        </relationship>
    </object>
</objects>
